InitialBasket	SecondBasket	TotalFrequency	Support	Confidence	Lift
A Real Dead One	A Matter of Life and Death	2	0.54	50	0.61
A Real Live One	A Matter of Life and Death	2	0.54	66.67	0.82
A Real Live One	A Real Dead One	3	0.82	100	0.92
Ace Of Spades	...And Justice For All	2	0.54	40	0.37
Acústico MTV	Ace Of Spades	2	0.54	25	0.18
Afrociberdelia	Acústico MTV [Live]	2	0.54	40	0.37
Alcohol Fueled Brewtality Live! [Disc 2]	Alcohol Fueled Brewtality Live! [Disc 1]	3	0.82	100	0.92
All That You Can't Leave Behind	Achtung Baby	3	0.82	75	0.69
Angel Dust	Album Of The Year	4	1.09	66.67	0.35
Appetite for Destruction	A Matter of Life and Death	1	0.27	20	0.25
Appetite for Destruction	American Idiot	3	0.82	60	0.37
Arquivo II	Ace Of Spades	1	0.27	20	0.15
Arquivo II	Acústico MTV	3	0.82	60	0.28
Arquivo Os Paralamas Do Sucesso	Acústico MTV	2	0.54	25	0.12
Arquivo Os Paralamas Do Sucesso	Arquivo II	2	0.54	25	0.18
As Canções de Eu Tu Eles	American Idiot	1	0.27	25	0.15
Audioslave	Alcohol Fueled Brewtality Live! [Disc 1]	3	0.82	75	0.69
Audioslave	Alcohol Fueled Brewtality Live! [Disc 2]	2	0.54	50	0.61
Axé Bahia 2001	Acústico MTV [Live]	2	0.54	50	0.46
Axé Bahia 2001	Afrociberdelia	1	0.27	25	0.18
B-Sides 1980-1990	Achtung Baby	3	0.82	50	0.46
B-Sides 1980-1990	All That You Can't Leave Behind	3	0.82	50	0.46
BBC Sessions [Disc 1] [Live]	Acústico MTV [Live]	2	0.54	50	0.46
BBC Sessions [Disc 1] [Live]	Afrociberdelia	1	0.27	25	0.18
BBC Sessions [Disc 1] [Live]	Axé Bahia 2001	4	1.09	100	0.92
BBC Sessions [Disc 2] [Live]	Are You Experienced?	2	0.54	33.33	0.25
BackBeat Soundtrack	Alcohol Fueled Brewtality Live! [Disc 1]	4	1.09	100	0.92
BackBeat Soundtrack	Alcohol Fueled Brewtality Live! [Disc 2]	3	0.82	75	0.92
BackBeat Soundtrack	Audioslave	3	0.82	75	0.69
Bark at the Moon (Remastered)	Arquivo Os Paralamas Do Sucesso	1	0.27	100	0.46
Barulhinho Bom	A TempestadeTempestade Ou O Livro Dos Dias	2	0.54	50	0.46
Battlestar Galactica (Classic), Season 1	20th Century Masters - The Millennium Collection: The Best of Scorpions	1	0.27	12.5	0.15
Battlestar Galactica (Classic), Season 1	Ao Vivo [IMPORT]	1	0.27	12.5	0.12
Battlestar Galactica, Season 3	Achtung Baby	2	0.54	33.33	0.31
Battlestar Galactica, Season 3	Acústico	2	0.54	33.33	0.15
Battlestar Galactica, Season 3	All That You Can't Leave Behind	1	0.27	16.67	0.15
Battlestar Galactica, Season 3	B-Sides 1980-1990	1	0.27	16.67	0.1
Beethoven Piano Sonatas: Moonlight & Pastorale	Back to Black	1	0.27	100	0.74
Beethoven: Symphony No. 6 'Pastoral' Etc.	Bartok: Violin & Viola Concertos	1	0.27	100	3.68
Berlioz: Symphonie Fantastique	Back to Black	1	0.27	100	0.74
Berlioz: Symphonie Fantastique	Beethoven Piano Sonatas: Moonlight & Pastorale	1	0.27	100	3.68
Big Ones	Alcohol Fueled Brewtality Live! [Disc 1]	1	0.27	25	0.23
Big Ones	Alcohol Fueled Brewtality Live! [Disc 2]	1	0.27	25	0.31
Big Ones	Audioslave	1	0.27	25	0.23
Big Ones	BackBeat Soundtrack	1	0.27	25	0.23
Black Album	Barulhinho Bom	2	0.54	40	0.37
Black Sabbath	Alcohol Fueled Brewtality Live! [Disc 1]	2	0.54	100	0.92
Black Sabbath	Alcohol Fueled Brewtality Live! [Disc 2]	1	0.27	50	0.61
Black Sabbath	Audioslave	1	0.27	50	0.46
Black Sabbath	BackBeat Soundtrack	2	0.54	100	0.92
Black Sabbath Vol. 4 (Remaster)	Alcohol Fueled Brewtality Live! [Disc 1]	3	0.82	60	0.55
Black Sabbath Vol. 4 (Remaster)	Alcohol Fueled Brewtality Live! [Disc 2]	2	0.54	40	0.49
Black Sabbath Vol. 4 (Remaster)	Audioslave	2	0.54	40	0.37
Black Sabbath Vol. 4 (Remaster)	BackBeat Soundtrack	3	0.82	60	0.55
Black Sabbath Vol. 4 (Remaster)	Black Sabbath	2	0.54	40	0.74
Blue Moods	A Matter of Life and Death	2	0.54	50	0.61
Blue Moods	A Real Dead One	2	0.54	50	0.46
Blue Moods	A Real Live One	1	0.27	25	0.31
Blue Moods	Appetite for Destruction	1	0.27	25	0.18
Body Count	Alcohol Fueled Brewtality Live! [Disc 1]	3	0.82	50	0.46
Body Count	Alcohol Fueled Brewtality Live! [Disc 2]	2	0.54	33.33	0.41
Body Count	Audioslave	2	0.54	33.33	0.31
Body Count	BackBeat Soundtrack	3	0.82	50	0.46
Body Count	Black Sabbath	2	0.54	33.33	0.61
Body Count	Black Sabbath Vol. 4 (Remaster)	4	1.09	66.67	0.49
Bongo Fury	Acústico MTV [Live]	2	0.54	50	0.46
Bongo Fury	Afrociberdelia	1	0.27	25	0.18
Bongo Fury	Axé Bahia 2001	4	1.09	100	0.92
Bongo Fury	BBC Sessions [Disc 1] [Live]	4	1.09	100	0.92
Brave New World	A Matter of Life and Death	1	0.27	25	0.31
Brave New World	A Real Dead One	3	0.82	75	0.69
Brave New World	A Real Live One	2	0.54	50	0.61
Brave New World	Blue Moods	1	0.27	25	0.23
By The Way	Blood Sugar Sex Magik	4	1.09	100	0.74
Cafezinho	Are You Experienced?	4	1.09	100	0.74
Cafezinho	BBC Sessions [Disc 2] [Live]	2	0.54	50	0.31
Californication	A-Sides	1	0.27	25	0.13
Californication	Blood Sugar Sex Magik	3	0.82	75	0.55
Californication	By The Way	3	0.82	75	0.69
Carnaval 2001	Acústico MTV [Live]	2	0.54	50	0.46
Carnaval 2001	Afrociberdelia	1	0.27	25	0.18
Carnaval 2001	Axé Bahia 2001	4	1.09	100	0.92
Carnaval 2001	BBC Sessions [Disc 1] [Live]	4	1.09	100	0.92
Carnaval 2001	Bongo Fury	4	1.09	100	0.92
Carry On	Adams, John: The Chairman Dances	1	0.27	33.33	1.23
Carry On	Bach: The Cello Suites	1	0.27	33.33	1.23
Carry On	Back to Black	1	0.27	33.33	0.25
Carry On	Beethoven Piano Sonatas: Moonlight & Pastorale	1	0.27	33.33	1.23
Carry On	Berlioz: Symphonie Fantastique	1	0.27	33.33	1.23
Cesta Básica	Blood Sugar Sex Magik	2	0.54	50	0.37
Cesta Básica	By The Way	1	0.27	25	0.23
Chemical Wedding	Alcohol Fueled Brewtality Live! [Disc 1]	2	0.54	33.33	0.31
Chemical Wedding	Alcohol Fueled Brewtality Live! [Disc 2]	2	0.54	33.33	0.41
Chemical Wedding	Audioslave	1	0.27	16.67	0.15
Chemical Wedding	BackBeat Soundtrack	2	0.54	33.33	0.31
Chemical Wedding	Black Sabbath	1	0.27	16.67	0.31
Chemical Wedding	Black Sabbath Vol. 4 (Remaster)	2	0.54	33.33	0.25
Chemical Wedding	Body Count	3	0.82	50	0.31
Chill: Brazil (Disc 1)	Acústico MTV [Live]	2	0.54	50	0.46
Chill: Brazil (Disc 1)	Afrociberdelia	1	0.27	25	0.18
Chill: Brazil (Disc 1)	Axé Bahia 2001	4	1.09	100	0.92
Chill: Brazil (Disc 1)	BBC Sessions [Disc 1] [Live]	4	1.09	100	0.92
Chill: Brazil (Disc 1)	Bongo Fury	4	1.09	100	0.92
Chill: Brazil (Disc 1)	Carnaval 2001	4	1.09	100	0.92
Chill: Brazil (Disc 2)	Acústico MTV [Live]	1	0.27	16.67	0.15
Chill: Brazil (Disc 2)	Axé Bahia 2001	3	0.82	50	0.46
Chill: Brazil (Disc 2)	BBC Sessions [Disc 1] [Live]	3	0.82	50	0.46
Chill: Brazil (Disc 2)	Bongo Fury	3	0.82	50	0.46
Chill: Brazil (Disc 2)	Carnaval 2001	3	0.82	50	0.46
Chill: Brazil (Disc 2)	Chill: Brazil (Disc 1)	3	0.82	50	0.46
Chopin: Piano Concertos Nos. 1 & 2	Bach: The Brandenburg Concertos	1	0.27	100	3.68
Chronicle, Vol. 2	Chronicle, Vol. 1	3	0.82	42.86	0.2
Cidade Negra - Hits	Acústico MTV [Live]	4	1.09	80	0.74
Cidade Negra - Hits	Afrociberdelia	2	0.54	40	0.29
Cidade Negra - Hits	Axé Bahia 2001	3	0.82	60	0.55
Cidade Negra - Hits	BBC Sessions [Disc 1] [Live]	3	0.82	60	0.55
Cidade Negra - Hits	Bongo Fury	3	0.82	60	0.55
Cidade Negra - Hits	Carnaval 2001	3	0.82	60	0.55
Cidade Negra - Hits	Chill: Brazil (Disc 1)	3	0.82	60	0.55
Cidade Negra - Hits	Chill: Brazil (Disc 2)	2	0.54	40	0.25
Coda	Are You Experienced?	1	0.27	25	0.18
Coda	BBC Sessions [Disc 2] [Live]	3	0.82	75	0.46
Coda	Cafezinho	1	0.27	25	0.23
Compositores	Ace Of Spades	3	0.82	50	0.37
Compositores	Acústico MTV	2	0.54	33.33	0.15
Compositores	Arquivo II	1	0.27	16.67	0.12
Contraband	Ao Vivo [IMPORT]	4	1.09	80	0.74
Contraband	Battlestar Galactica (Classic), Season 1	1	0.27	20	0.09
Core	A-Sides	1	0.27	16.67	0.09
Cássia Eller - Coleção Sem Limite [Disc 2]	Chronicle, Vol. 1	2	0.54	40	0.18
Cássia Eller - Coleção Sem Limite [Disc 2]	Chronicle, Vol. 2	3	0.82	60	0.32
Cássia Eller - Coleção Sem Limite [Disc 2]	Come Taste The Band	2	0.54	40	0.37
Cássia Eller - Sem Limite [Disc 1]	Chronicle, Vol. 1	1	0.27	20	0.09
Cássia Eller - Sem Limite [Disc 1]	Chronicle, Vol. 2	2	0.54	40	0.21
Cássia Eller - Sem Limite [Disc 1]	Come Taste The Band	3	0.82	60	0.55
Cássia Eller - Sem Limite [Disc 1]	Cássia Eller - Coleção Sem Limite [Disc 2]	4	1.09	80	0.59
Da Lama Ao Caos	Acústico MTV [Live]	3	0.82	75	0.69
Da Lama Ao Caos	Afrociberdelia	3	0.82	75	0.55
Da Lama Ao Caos	Axé Bahia 2001	1	0.27	25	0.23
Da Lama Ao Caos	BBC Sessions [Disc 1] [Live]	1	0.27	25	0.23
Da Lama Ao Caos	Bongo Fury	1	0.27	25	0.23
Da Lama Ao Caos	Carnaval 2001	1	0.27	25	0.23
Da Lama Ao Caos	Chill: Brazil (Disc 1)	1	0.27	25	0.23
Da Lama Ao Caos	Cidade Negra - Hits	3	0.82	75	0.55
Dance Of Death	A Matter of Life and Death	1	0.27	25	0.31
Dance Of Death	A Real Dead One	3	0.82	75	0.69
Dance Of Death	A Real Live One	2	0.54	50	0.61
Dance Of Death	Blue Moods	1	0.27	25	0.23
Dance Of Death	Brave New World	4	1.09	100	0.92
Deep Purple In Rock	Come Taste The Band	3	0.82	100	0.92
Deep Purple In Rock	Cássia Eller - Coleção Sem Limite [Disc 2]	1	0.27	33.33	0.25
Deep Purple In Rock	Cássia Eller - Sem Limite [Disc 1]	2	0.54	66.67	0.49
Deixa Entrar	Angel Dust	1	0.27	25	0.15
Deixa Entrar	As Canções de Eu Tu Eles	2	0.54	50	0.46
Demorou...	...And Justice For All	1	0.27	25	0.23
Demorou...	Ace Of Spades	4	1.09	100	0.74
Demorou...	Acústico MTV	2	0.54	50	0.23
Demorou...	Arquivo II	1	0.27	25	0.18
Demorou...	Compositores	3	0.82	75	0.46
Diary of a Madman (Remastered)	Blizzard of Ozz	1	0.27	100	3.68
Diver Down	Ao Vivo [IMPORT]	1	0.27	20	0.18
Diver Down	Contraband	2	0.54	40	0.29
Djavan Ao Vivo - Vol. 02	Come Taste The Band	1	0.27	20	0.18
Djavan Ao Vivo - Vol. 02	Deep Purple In Rock	1	0.27	20	0.25
Djavan Ao Vivo - Vol. 1	Come Taste The Band	1	0.27	20	0.18
Djavan Ao Vivo - Vol. 1	Deep Purple In Rock	1	0.27	20	0.25
Djavan Ao Vivo - Vol. 1	Djavan Ao Vivo - Vol. 02	3	0.82	60	0.44
Duos II	Back to Black	1	0.27	100	0.74
Duos II	Beethoven Piano Sonatas: Moonlight & Pastorale	1	0.27	100	3.68
Duos II	Berlioz: Symphonie Fantastique	1	0.27	100	3.68
Duos II	Carry On	1	0.27	100	1.23
Elis Regina-Minha História	Djavan Ao Vivo - Vol. 02	2	0.54	33.33	0.25
Elis Regina-Minha História	Djavan Ao Vivo - Vol. 1	3	0.82	50	0.37
Emergency On Planet Earth	Are You Experienced?	1	0.27	33.33	0.25
Every Kind of Light	Bach: The Cello Suites	1	0.27	100	3.68
Every Kind of Light	Carry On	1	0.27	100	1.23
Faceless	American Idiot	2	0.54	40	0.25
Faceless	Appetite for Destruction	1	0.27	20	0.15
Faceless	As Canções de Eu Tu Eles	2	0.54	40	0.37
Facelift	Alcohol Fueled Brewtality Live! [Disc 1]	2	0.54	50	0.46
Facelift	Alcohol Fueled Brewtality Live! [Disc 2]	1	0.27	25	0.31
Facelift	Audioslave	3	0.82	75	0.69
Facelift	BackBeat Soundtrack	2	0.54	50	0.46
Facelift	Big Ones	2	0.54	50	0.46
Facelift	Black Sabbath	1	0.27	25	0.46
Facelift	Black Sabbath Vol. 4 (Remaster)	1	0.27	25	0.18
Facelift	Body Count	1	0.27	25	0.15
Fauré: Requiem, Ravel: Pavane & Others	Back to Black	1	0.27	100	0.74
Fauré: Requiem, Ravel: Pavane & Others	Beethoven Piano Sonatas: Moonlight & Pastorale	1	0.27	100	3.68
Fauré: Requiem, Ravel: Pavane & Others	Berlioz: Symphonie Fantastique	1	0.27	100	3.68
Fauré: Requiem, Ravel: Pavane & Others	Carry On	1	0.27	100	1.23
Fauré: Requiem, Ravel: Pavane & Others	Duos II	1	0.27	100	3.68
Fear Of The Dark	A Real Dead One	2	0.54	50	0.46
Fear Of The Dark	A Real Live One	1	0.27	25	0.31
Fear Of The Dark	Blue Moods	1	0.27	25	0.23
Fear Of The Dark	Brave New World	3	0.82	75	0.69
Fear Of The Dark	Dance Of Death	3	0.82	75	0.69
Fireball	Come Taste The Band	3	0.82	100	0.92
Fireball	Cássia Eller - Coleção Sem Limite [Disc 2]	1	0.27	33.33	0.25
Fireball	Cássia Eller - Sem Limite [Disc 1]	2	0.54	66.67	0.49
Fireball	Deep Purple In Rock	3	0.82	100	1.23
Fireball	Djavan Ao Vivo - Vol. 02	1	0.27	33.33	0.25
Fireball	Djavan Ao Vivo - Vol. 1	1	0.27	33.33	0.25
For Those About To Rock We Salute You	Big Ones	1	0.27	33.33	0.31
Frank	Back to Black	2	0.54	50	0.37
From The Muddy Banks Of The Wishkah [Live]	...And Justice For All	1	0.27	25	0.23
From The Muddy Banks Of The Wishkah [Live]	Ace Of Spades	4	1.09	100	0.74
From The Muddy Banks Of The Wishkah [Live]	Acústico MTV	2	0.54	50	0.23
From The Muddy Banks Of The Wishkah [Live]	Arquivo II	1	0.27	25	0.18
From The Muddy Banks Of The Wishkah [Live]	Compositores	3	0.82	75	0.46
From The Muddy Banks Of The Wishkah [Live]	Demorou...	4	1.09	100	0.92
Garage Inc. (Disc 1)	Axé Bahia 2001	2	0.54	50	0.46
Garage Inc. (Disc 1)	BBC Sessions [Disc 1] [Live]	2	0.54	50	0.46
Garage Inc. (Disc 1)	Bongo Fury	2	0.54	50	0.46
Garage Inc. (Disc 1)	Carnaval 2001	2	0.54	50	0.46
Garage Inc. (Disc 1)	Chill: Brazil (Disc 1)	2	0.54	50	0.46
Garage Inc. (Disc 1)	Chill: Brazil (Disc 2)	2	0.54	50	0.31
Garage Inc. (Disc 1)	Cidade Negra - Hits	1	0.27	25	0.18
Garage Inc. (Disc 2)	Barulhinho Bom	2	0.54	33.33	0.31
Garage Inc. (Disc 2)	Black Album	4	1.09	66.67	0.49
Get Born	Are You Experienced?	4	1.09	100	0.74
Get Born	BBC Sessions [Disc 2] [Live]	1	0.27	25	0.15
Get Born	Cafezinho	3	0.82	75	0.69
Get Born	Emergency On Planet Earth	1	0.27	25	0.31
Greatest Hits	A TempestadeTempestade Ou O Livro Dos Dias	2	0.54	13.33	0.12
Greatest Hits	A-Sides	2	0.54	13.33	0.07
Greatest Hits	Ao Vivo [IMPORT]	4	1.09	26.67	0.25
Greatest Hits	Barulhinho Bom	2	0.54	13.33	0.12
Greatest Hits	Battlestar Galactica (Classic), Season 1	1	0.27	6.67	0.03
Greatest Hits	Black Album	1	0.27	6.67	0.05
Greatest Hits	Blood Sugar Sex Magik	2	0.54	13.33	0.1
Greatest Hits	By The Way	2	0.54	13.33	0.12
Greatest Hits	Californication	3	0.82	20	0.18
Greatest Hits	Contraband	4	1.09	26.67	0.2
Greatest Hits	Dark Side Of The Moon	4	1.09	26.67	0.25
Greatest Hits	Diver Down	1	0.27	6.67	0.05
Greatest Hits	Garage Inc. (Disc 2)	1	0.27	6.67	0.04
Greatest Hits I	Dark Side Of The Moon	3	0.82	50	0.46
Greatest Hits I	Greatest Hits	3	0.82	50	0.12
Greatest Hits II	Axé Bahia 2001	2	0.54	33.33	0.31
Greatest Hits II	BBC Sessions [Disc 1] [Live]	2	0.54	33.33	0.31
Greatest Hits II	Bongo Fury	2	0.54	33.33	0.31
Greatest Hits II	Carnaval 2001	2	0.54	33.33	0.31
Greatest Hits II	Chill: Brazil (Disc 1)	2	0.54	33.33	0.31
Greatest Hits II	Chill: Brazil (Disc 2)	2	0.54	33.33	0.2
Greatest Hits II	Cidade Negra - Hits	1	0.27	16.67	0.12
Greatest Hits II	Garage Inc. (Disc 1)	3	0.82	50	0.46
Greatest Kiss	Axé Bahia 2001	1	0.27	16.67	0.15
Greatest Kiss	BBC Sessions [Disc 1] [Live]	1	0.27	16.67	0.15
Greatest Kiss	Bongo Fury	1	0.27	16.67	0.15
Greatest Kiss	Carnaval 2001	1	0.27	16.67	0.15
Greatest Kiss	Chill: Brazil (Disc 1)	1	0.27	16.67	0.15
Greatest Kiss	Chill: Brazil (Disc 2)	1	0.27	16.67	0.1
Greatest Kiss	Garage Inc. (Disc 1)	1	0.27	16.67	0.15
Greatest Kiss	Greatest Hits II	2	0.54	33.33	0.2
Green	Cesta Básica	1	0.27	25	0.23
Green	Dark Side Of The Moon	1	0.27	25	0.23
Green	Greatest Hits	1	0.27	25	0.06
Green	Greatest Hits I	2	0.54	50	0.31
Grieg: Peer Gynt Suites & Sibelius: Pelléas et Mélisande	Back to Black	1	0.27	100	0.74
Grieg: Peer Gynt Suites & Sibelius: Pelléas et Mélisande	Frank	1	0.27	100	0.92
Górecki: Symphony No. 3	Frank	1	0.27	100	0.92
Handel: The Messiah (Highlights)	Back to Black	1	0.27	100	0.74
Handel: The Messiah (Highlights)	Beethoven Piano Sonatas: Moonlight & Pastorale	1	0.27	100	3.68
Handel: The Messiah (Highlights)	Berlioz: Symphonie Fantastique	1	0.27	100	3.68
Handel: The Messiah (Highlights)	Carry On	1	0.27	100	1.23
Handel: The Messiah (Highlights)	Duos II	1	0.27	100	3.68
Handel: The Messiah (Highlights)	Fauré: Requiem, Ravel: Pavane & Others	1	0.27	100	3.68
Haydn: Symphonies 99 - 104	Adams, John: The Chairman Dances	1	0.27	100	3.68
Haydn: Symphonies 99 - 104	Carry On	1	0.27	100	1.23
Heart of the Night	Greatest Kiss	1	0.27	16.67	0.1
Heroes, Season 1	Achtung Baby	2	0.54	33.33	0.31
Heroes, Season 1	All That You Can't Leave Behind	1	0.27	16.67	0.15
Heroes, Season 1	Ao Vivo [IMPORT]	2	0.54	33.33	0.31
Heroes, Season 1	B-Sides 1980-1990	1	0.27	16.67	0.1
Heroes, Season 1	Battlestar Galactica (Classic), Season 1	1	0.27	16.67	0.08
Heroes, Season 1	Battlestar Galactica, Season 3	4	1.09	66.67	0.41
Heroes, Season 1	Contraband	2	0.54	33.33	0.25
Heroes, Season 1	Greatest Hits	2	0.54	33.33	0.08
Holst: The Planets, Op. 32 & Vaughan Williams: Fantasies	Adams, John: The Chairman Dances	1	0.27	100	3.68
Holst: The Planets, Op. 32 & Vaughan Williams: Fantasies	Carry On	1	0.27	100	1.23
Holst: The Planets, Op. 32 & Vaughan Williams: Fantasies	Haydn: Symphonies 99 - 104	1	0.27	100	3.68
Hot Rocks, 1964-1971 (Disc 1)	Beyond Good And Evil	2	0.54	50	0.46
House of Pain	20th Century Masters - The Millennium Collection: The Best of Scorpions	2	0.54	66.67	0.82
House of Pain	Bach: The Cello Suites	1	0.27	33.33	1.23
House of Pain	Carry On	1	0.27	33.33	0.41
House of Pain	Every Kind of Light	1	0.27	33.33	1.23
Houses Of The Holy	Are You Experienced?	1	0.27	25	0.18
Houses Of The Holy	BBC Sessions [Disc 2] [Live]	1	0.27	25	0.15
Houses Of The Holy	Cafezinho	1	0.27	25	0.23
Houses Of The Holy	Coda	2	0.54	50	0.46
How To Dismantle An Atomic Bomb	Achtung Baby	2	0.54	40	0.37
How To Dismantle An Atomic Bomb	All That You Can't Leave Behind	2	0.54	40	0.37
How To Dismantle An Atomic Bomb	B-Sides 1980-1990	3	0.82	60	0.37
IV	Coda	1	0.27	25	0.23
IV	Houses Of The Holy	2	0.54	50	0.46
In Step	A-Sides	2	0.54	50	0.26
In Step	Core	1	0.27	25	0.15
In Step	Greatest Hits	1	0.27	25	0.06
In Through The Out Door	Are You Experienced?	1	0.27	25	0.18
In Through The Out Door	BBC Sessions [Disc 2] [Live]	1	0.27	25	0.15
In Through The Out Door	Cafezinho	1	0.27	25	0.23
In Through The Out Door	Coda	2	0.54	50	0.46
In Through The Out Door	Houses Of The Holy	2	0.54	50	0.46
In Through The Out Door	IV	2	0.54	50	0.46
In Your Honor [Disc 1]	Angel Dust	1	0.27	33.33	0.2
In Your Honor [Disc 1]	As Canções de Eu Tu Eles	1	0.27	33.33	0.31
In Your Honor [Disc 1]	Deixa Entrar	3	0.82	100	0.92
In Your Honor [Disc 2]	As Canções de Eu Tu Eles	3	0.82	75	0.69
In Your Honor [Disc 2]	Deixa Entrar	3	0.82	75	0.69
In Your Honor [Disc 2]	Faceless	1	0.27	25	0.18
In Your Honor [Disc 2]	In Your Honor [Disc 1]	2	0.54	50	0.61
Instant Karma: The Amnesty International Campaign to Save Darfur	20th Century Masters - The Millennium Collection: The Best of Scorpions	2	0.54	40	0.49
Instant Karma: The Amnesty International Campaign to Save Darfur	Battlestar Galactica (Classic), Season 1	2	0.54	40	0.18
Instant Karma: The Amnesty International Campaign to Save Darfur	House of Pain	1	0.27	20	0.25
International Superhits	Greatest Kiss	1	0.27	14.29	0.09
International Superhits	Heart of the Night	4	1.09	57.14	0.35
Into The Light	Heart of the Night	1	0.27	25	0.15
Into The Light	International Superhits	3	0.82	75	0.39
Iron Maiden	A Real Dead One	2	0.54	50	0.46
Iron Maiden	A Real Live One	1	0.27	25	0.31
Iron Maiden	Blue Moods	1	0.27	25	0.23
Iron Maiden	Brave New World	3	0.82	75	0.69
Iron Maiden	Dance Of Death	3	0.82	75	0.69
Iron Maiden	Fear Of The Dark	4	1.09	100	0.92
J.S. Bach: Chaconne, Suite in E Minor, Partita in E Major & Prelude, Fugue and Allegro	English Renaissance	1	0.27	100	3.68
Jagged Little Pill	Alcohol Fueled Brewtality Live! [Disc 1]	1	0.27	25	0.23
Jagged Little Pill	Alcohol Fueled Brewtality Live! [Disc 2]	1	0.27	25	0.31
Jagged Little Pill	Audioslave	2	0.54	50	0.46
Jagged Little Pill	BackBeat Soundtrack	1	0.27	25	0.23
Jagged Little Pill	Big Ones	3	0.82	75	0.69
Jagged Little Pill	Facelift	3	0.82	75	0.69
Jagged Little Pill	For Those About To Rock We Salute You	1	0.27	25	0.31
Jorge Ben Jor 25 Anos	Are You Experienced?	4	1.09	100	0.74
Jorge Ben Jor 25 Anos	BBC Sessions [Disc 2] [Live]	2	0.54	50	0.31
Jorge Ben Jor 25 Anos	Cafezinho	4	1.09	100	0.92
Jorge Ben Jor 25 Anos	Coda	1	0.27	25	0.23
Jorge Ben Jor 25 Anos	Get Born	3	0.82	75	0.69
Jorge Ben Jor 25 Anos	Houses Of The Holy	1	0.27	25	0.23
Jorge Ben Jor 25 Anos	In Through The Out Door	1	0.27	25	0.23
Jota Quest-1995	Are You Experienced?	4	1.09	100	0.74
Jota Quest-1995	BBC Sessions [Disc 2] [Live]	2	0.54	50	0.31
Jota Quest-1995	Cafezinho	4	1.09	100	0.92
Jota Quest-1995	Coda	1	0.27	25	0.23
Jota Quest-1995	Get Born	3	0.82	75	0.69
Jota Quest-1995	Houses Of The Holy	1	0.27	25	0.23
Jota Quest-1995	In Through The Out Door	1	0.27	25	0.23
Jota Quest-1995	Jorge Ben Jor 25 Anos	4	1.09	100	0.92
Judas 0: B-Sides and Rarities	A-Sides	2	0.54	40	0.21
Judas 0: B-Sides and Rarities	Blood Sugar Sex Magik	1	0.27	20	0.15
Judas 0: B-Sides and Rarities	By The Way	1	0.27	20	0.18
Judas 0: B-Sides and Rarities	Californication	2	0.54	40	0.37
Judas 0: B-Sides and Rarities	Greatest Hits	3	0.82	60	0.15
Judas 0: B-Sides and Rarities	In Step	1	0.27	20	0.18
Kill 'Em All	Barulhinho Bom	1	0.27	20	0.18
Kill 'Em All	Black Album	1	0.27	20	0.15
Kill 'Em All	Garage Inc. (Disc 2)	2	0.54	40	0.25
Killers	A Real Dead One	2	0.54	50	0.46
Killers	A Real Live One	1	0.27	25	0.31
Killers	Blue Moods	1	0.27	25	0.23
Killers	Brave New World	3	0.82	75	0.69
Killers	Dance Of Death	3	0.82	75	0.69
Killers	Fear Of The Dark	4	1.09	100	0.92
Killers	Iron Maiden	4	1.09	100	0.92
King For A Day Fool For A Lifetime	Album Of The Year	2	0.54	40	0.21
King For A Day Fool For A Lifetime	Angel Dust	4	1.09	80	0.49
King For A Day Fool For A Lifetime	As Canções de Eu Tu Eles	1	0.27	20	0.18
King For A Day Fool For A Lifetime	Deixa Entrar	2	0.54	40	0.37
King For A Day Fool For A Lifetime	In Your Honor [Disc 1]	1	0.27	20	0.25
King For A Day Fool For A Lifetime	In Your Honor [Disc 2]	1	0.27	20	0.18
Knocking at Your Back Door: The Best Of Deep Purple in the 80's	Come Taste The Band	3	0.82	75	0.69
Knocking at Your Back Door: The Best Of Deep Purple in the 80's	Cássia Eller - Coleção Sem Limite [Disc 2]	1	0.27	25	0.18
Knocking at Your Back Door: The Best Of Deep Purple in the 80's	Cássia Eller - Sem Limite [Disc 1]	2	0.54	50	0.37
Knocking at Your Back Door: The Best Of Deep Purple in the 80's	Deep Purple In Rock	2	0.54	50	0.61
Knocking at Your Back Door: The Best Of Deep Purple in the 80's	Djavan Ao Vivo - Vol. 02	2	0.54	50	0.37
Knocking at Your Back Door: The Best Of Deep Purple in the 80's	Djavan Ao Vivo - Vol. 1	2	0.54	50	0.37
Knocking at Your Back Door: The Best Of Deep Purple in the 80's	Elis Regina-Minha História	1	0.27	25	0.15
Knocking at Your Back Door: The Best Of Deep Purple in the 80's	Fireball	2	0.54	50	0.61
LOST, Season 4	20th Century Masters - The Millennium Collection: The Best of Scorpions	1	0.27	25	0.31
LOST, Season 4	Adams, John: The Chairman Dances	1	0.27	25	0.92
LOST, Season 4	Bach: The Cello Suites	1	0.27	25	0.92
LOST, Season 4	Back to Black	1	0.27	25	0.18
LOST, Season 4	Beethoven Piano Sonatas: Moonlight & Pastorale	1	0.27	25	0.92
LOST, Season 4	Berlioz: Symphonie Fantastique	1	0.27	25	0.92
LOST, Season 4	Carry On	3	0.82	75	0.92
LOST, Season 4	Duos II	1	0.27	25	0.92
LOST, Season 4	Every Kind of Light	1	0.27	25	0.92
LOST, Season 4	Fauré: Requiem, Ravel: Pavane & Others	1	0.27	25	0.92
LOST, Season 4	Handel: The Messiah (Highlights)	1	0.27	25	0.92
LOST, Season 4	Haydn: Symphonies 99 - 104	1	0.27	25	0.92
LOST, Season 4	Holst: The Planets, Op. 32 & Vaughan Williams: Fantasies	1	0.27	25	0.92
LOST, Season 4	House of Pain	2	0.54	50	0.61
Led Zeppelin I	IV	1	0.27	20	0.18
Led Zeppelin II	Houses Of The Holy	1	0.27	25	0.23
Led Zeppelin II	IV	2	0.54	50	0.46
Led Zeppelin II	Led Zeppelin I	2	0.54	50	0.37
Led Zeppelin III	A TempestadeTempestade Ou O Livro Dos Dias	1	0.27	16.67	0.15
Led Zeppelin III	Houses Of The Holy	1	0.27	16.67	0.15
Led Zeppelin III	IV	2	0.54	33.33	0.31
Led Zeppelin III	Led Zeppelin I	2	0.54	33.33	0.25
Led Zeppelin III	Led Zeppelin II	3	0.82	50	0.46
Let There Be Rock	Big Ones	2	0.54	66.67	0.61
Let There Be Rock	Facelift	1	0.27	33.33	0.31
Let There Be Rock	Frank	1	0.27	33.33	0.31
Let There Be Rock	Jagged Little Pill	1	0.27	33.33	0.31
Liszt - 12 Études D'Execution Transcendante	For Those About To Rock We Salute You	1	0.27	100	1.23
Live After Death	A Real Dead One	2	0.54	50	0.46
Live After Death	A Real Live One	1	0.27	25	0.31
Live After Death	Blue Moods	1	0.27	25	0.23
Live After Death	Brave New World	3	0.82	75	0.69
Live After Death	Dance Of Death	3	0.82	75	0.69
Live After Death	Fear Of The Dark	4	1.09	100	0.92
Live After Death	Iron Maiden	4	1.09	100	0.92
Live After Death	Killers	4	1.09	100	0.92
Live At Donington 1992 (Disc 1)	A Real Dead One	2	0.54	50	0.46
Live At Donington 1992 (Disc 1)	A Real Live One	1	0.27	25	0.31
Live At Donington 1992 (Disc 1)	Blue Moods	1	0.27	25	0.23
Live At Donington 1992 (Disc 1)	Brave New World	3	0.82	75	0.69
Live At Donington 1992 (Disc 1)	Dance Of Death	3	0.82	75	0.69
Live At Donington 1992 (Disc 1)	Fear Of The Dark	4	1.09	100	0.92
Live At Donington 1992 (Disc 1)	Iron Maiden	4	1.09	100	0.92
Live At Donington 1992 (Disc 1)	Killers	4	1.09	100	0.92
Live At Donington 1992 (Disc 1)	Live After Death	4	1.09	100	0.92
Live At Donington 1992 (Disc 2)	A Real Dead One	1	0.27	25	0.23
Live At Donington 1992 (Disc 2)	A Real Live One	1	0.27	25	0.31
Live At Donington 1992 (Disc 2)	Brave New World	2	0.54	50	0.46
Live At Donington 1992 (Disc 2)	Dance Of Death	2	0.54	50	0.46
Live At Donington 1992 (Disc 2)	Fear Of The Dark	3	0.82	75	0.69
Live At Donington 1992 (Disc 2)	Iron Maiden	3	0.82	75	0.69
Live At Donington 1992 (Disc 2)	Killers	3	0.82	75	0.69
Live At Donington 1992 (Disc 2)	Live After Death	3	0.82	75	0.69
Live At Donington 1992 (Disc 2)	Live At Donington 1992 (Disc 1)	3	0.82	75	0.69
Live On Two Legs [Live]	Dark Side Of The Moon	3	0.82	60	0.55
Live On Two Legs [Live]	Greatest Hits	3	0.82	60	0.15
Live On Two Legs [Live]	Greatest Hits I	2	0.54	40	0.25
Live [Disc 1]	Beyond Good And Evil	1	0.27	25	0.23
Live [Disc 1]	Core	2	0.54	50	0.31
Live [Disc 2]	Beyond Good And Evil	2	0.54	50	0.46
Live [Disc 2]	Core	1	0.27	25	0.15
Live [Disc 2]	Hot Rocks, 1964-1971 (Disc 1)	1	0.27	25	0.23
Live [Disc 2]	Live [Disc 1]	3	0.82	75	0.69
Living After Midnight	Are You Experienced?	3	0.82	50	0.37
Living After Midnight	BBC Sessions [Disc 2] [Live]	2	0.54	33.33	0.2
Living After Midnight	Cafezinho	3	0.82	50	0.46
Living After Midnight	Coda	1	0.27	16.67	0.15
Living After Midnight	Get Born	2	0.54	33.33	0.31
Living After Midnight	Houses Of The Holy	1	0.27	16.67	0.15
Living After Midnight	In Through The Out Door	1	0.27	16.67	0.15
Living After Midnight	Jorge Ben Jor 25 Anos	3	0.82	50	0.46
Living After Midnight	Jota Quest-1995	3	0.82	50	0.46
Load	...And Justice For All	1	0.27	16.67	0.15
Load	Barulhinho Bom	1	0.27	16.67	0.15
Load	Black Album	1	0.27	16.67	0.12
Load	Garage Inc. (Disc 2)	2	0.54	33.33	0.2
Load	Kill 'Em All	3	0.82	50	0.37
Lost, Season 1	Achtung Baby	4	1.09	80	0.74
Lost, Season 1	All That You Can't Leave Behind	3	0.82	60	0.55
Lost, Season 1	B-Sides 1980-1990	3	0.82	60	0.37
Lost, Season 1	Battlestar Galactica, Season 3	3	0.82	60	0.37
Lost, Season 1	Heroes, Season 1	3	0.82	60	0.37
Lost, Season 1	How To Dismantle An Atomic Bomb	2	0.54	40	0.29
Lost, Season 2	Achtung Baby	4	1.09	100	0.92
Lost, Season 2	All That You Can't Leave Behind	3	0.82	75	0.69
Lost, Season 2	B-Sides 1980-1990	3	0.82	75	0.46
Lost, Season 2	Battlestar Galactica, Season 3	2	0.54	50	0.31
Lost, Season 2	Heroes, Season 1	2	0.54	50	0.31
Lost, Season 2	How To Dismantle An Atomic Bomb	2	0.54	50	0.37
Lost, Season 2	Lost, Season 1	4	1.09	100	0.74
Lost, Season 3	Achtung Baby	2	0.54	33.33	0.31
Lost, Season 3	All That You Can't Leave Behind	1	0.27	16.67	0.15
Lost, Season 3	Ao Vivo [IMPORT]	1	0.27	16.67	0.15
Lost, Season 3	Aquaman	1	0.27	16.67	0.61
Lost, Season 3	B-Sides 1980-1990	1	0.27	16.67	0.1
Lost, Season 3	Battlestar Galactica (Classic), Season 1	1	0.27	16.67	0.08
Lost, Season 3	Battlestar Galactica, Season 3	3	0.82	50	0.31
Lost, Season 3	Contraband	1	0.27	16.67	0.12
Lost, Season 3	Greatest Hits	1	0.27	16.67	0.04
Lost, Season 3	Heroes, Season 1	4	1.09	66.67	0.41
Lost, Season 3	Lost, Season 1	3	0.82	50	0.37
Lost, Season 3	Lost, Season 2	2	0.54	33.33	0.31
Lulu Santos - RCA 100 Anos De Música - Álbum 01	A TempestadeTempestade Ou O Livro Dos Dias	2	0.54	50	0.46
Lulu Santos - RCA 100 Anos De Música - Álbum 01	Barulhinho Bom	4	1.09	100	0.92
Lulu Santos - RCA 100 Anos De Música - Álbum 01	Black Album	2	0.54	50	0.37
Lulu Santos - RCA 100 Anos De Música - Álbum 01	Garage Inc. (Disc 2)	2	0.54	50	0.31
Lulu Santos - RCA 100 Anos De Música - Álbum 01	Greatest Hits	2	0.54	50	0.12
Lulu Santos - RCA 100 Anos De Música - Álbum 01	Kill 'Em All	1	0.27	25	0.18
Lulu Santos - RCA 100 Anos De Música - Álbum 01	Load	1	0.27	25	0.15
Lulu Santos - RCA 100 Anos De Música - Álbum 02	A TempestadeTempestade Ou O Livro Dos Dias	1	0.27	33.33	0.31
Lulu Santos - RCA 100 Anos De Música - Álbum 02	Barulhinho Bom	3	0.82	100	0.92
Lulu Santos - RCA 100 Anos De Música - Álbum 02	Black Album	2	0.54	66.67	0.49
Lulu Santos - RCA 100 Anos De Música - Álbum 02	Garage Inc. (Disc 2)	2	0.54	66.67	0.41
Lulu Santos - RCA 100 Anos De Música - Álbum 02	Greatest Hits	1	0.27	33.33	0.08
Lulu Santos - RCA 100 Anos De Música - Álbum 02	Kill 'Em All	1	0.27	33.33	0.25
Lulu Santos - RCA 100 Anos De Música - Álbum 02	Load	1	0.27	33.33	0.2
Lulu Santos - RCA 100 Anos De Música - Álbum 02	Lulu Santos - RCA 100 Anos De Música - Álbum 01	3	0.82	100	0.92
Machine Head	Come Taste The Band	2	0.54	66.67	0.61
Machine Head	Cássia Eller - Sem Limite [Disc 1]	1	0.27	33.33	0.25
Machine Head	Deep Purple In Rock	2	0.54	66.67	0.82
Machine Head	Djavan Ao Vivo - Vol. 02	2	0.54	66.67	0.49
Machine Head	Djavan Ao Vivo - Vol. 1	2	0.54	66.67	0.49
Machine Head	Elis Regina-Minha História	1	0.27	33.33	0.2
Machine Head	Fireball	2	0.54	66.67	0.82
Machine Head	Knocking at Your Back Door: The Best Of Deep Purple in the 80's	3	0.82	100	0.92
Mais Do Mesmo	A TempestadeTempestade Ou O Livro Dos Dias	4	1.09	80	0.74
Mais Do Mesmo	Barulhinho Bom	3	0.82	60	0.55
Mais Do Mesmo	Black Album	1	0.27	20	0.15
Mais Do Mesmo	Garage Inc. (Disc 2)	1	0.27	20	0.12
Mais Do Mesmo	Greatest Hits	3	0.82	60	0.15
Mais Do Mesmo	Led Zeppelin III	1	0.27	20	0.12
Mais Do Mesmo	Lulu Santos - RCA 100 Anos De Música - Álbum 01	3	0.82	60	0.55
Mais Do Mesmo	Lulu Santos - RCA 100 Anos De Música - Álbum 02	2	0.54	40	0.49
Maquinarama	A-Sides	2	0.54	50	0.26
Maquinarama	Blood Sugar Sex Magik	2	0.54	50	0.37
Maquinarama	By The Way	2	0.54	50	0.46
Maquinarama	Californication	3	0.82	75	0.69
Maquinarama	Greatest Hits	4	1.09	100	0.25
Maquinarama	In Step	1	0.27	25	0.23
Maquinarama	Judas 0: B-Sides and Rarities	3	0.82	75	0.55
Master Of Puppets	Kill 'Em All	1	0.27	20	0.15
Master Of Puppets	Load	2	0.54	40	0.25
Mendelssohn: A Midsummer Night's Dream	Frank	1	0.27	100	0.92
Mendelssohn: A Midsummer Night's Dream	Górecki: Symphony No. 3	1	0.27	100	3.68
Meus Momentos	Heart of the Night	1	0.27	25	0.15
Meus Momentos	International Superhits	2	0.54	50	0.26
Meus Momentos	Into The Light	3	0.82	75	0.69
Meus Momentos	MK III The Final Concerts [Disc 1]	1	0.27	25	0.31
Mezmerize	Core	2	0.54	50	0.31
Mezmerize	Live [Disc 1]	1	0.27	25	0.23
Miles Ahead	...And Justice For All	3	0.82	75	0.69
Miles Ahead	Ace Of Spades	3	0.82	75	0.55
Miles Ahead	Compositores	1	0.27	25	0.15
Miles Ahead	Demorou...	2	0.54	50	0.46
Miles Ahead	From The Muddy Banks Of The Wishkah [Live]	2	0.54	50	0.46
Milton Nascimento Ao Vivo	...And Justice For All	2	0.54	66.67	0.61
Milton Nascimento Ao Vivo	Ace Of Spades	2	0.54	66.67	0.49
Milton Nascimento Ao Vivo	Compositores	1	0.27	33.33	0.2
Milton Nascimento Ao Vivo	Demorou...	1	0.27	33.33	0.31
Milton Nascimento Ao Vivo	From The Muddy Banks Of The Wishkah [Live]	1	0.27	33.33	0.31
Milton Nascimento Ao Vivo	Miles Ahead	3	0.82	100	0.92
Minas	...And Justice For All	2	0.54	50	0.46
Minas	Ace Of Spades	4	1.09	100	0.74
Minas	Acústico MTV	1	0.27	25	0.12
Minas	Compositores	2	0.54	50	0.31
Minas	Demorou...	3	0.82	75	0.69
Minas	From The Muddy Banks Of The Wishkah [Live]	3	0.82	75	0.69
Minas	Miles Ahead	3	0.82	75	0.69
Minas	Milton Nascimento Ao Vivo	2	0.54	50	0.61
Minha Historia	Afrociberdelia	2	0.54	18.18	0.13
Minha Historia	Da Lama Ao Caos	1	0.27	9.09	0.08
Minha Historia	International Superhits	1	0.27	9.09	0.05
Minha Historia	Into The Light	2	0.54	18.18	0.17
Minha Historia	MK III The Final Concerts [Disc 1]	2	0.54	18.18	0.22
Minha Historia	Meus Momentos	3	0.82	27.27	0.25
Minha História	International Superhits	1	0.27	20	0.11
Minha História	Into The Light	2	0.54	40	0.37
Minha História	MK III The Final Concerts [Disc 1]	3	0.82	60	0.74
Minha História	Meus Momentos	3	0.82	60	0.55
Minha História	Minha Historia	4	1.09	80	0.27
Misplaced Childhood	A TempestadeTempestade Ou O Livro Dos Dias	2	0.54	50	0.46
Misplaced Childhood	Barulhinho Bom	4	1.09	100	0.92
Misplaced Childhood	Black Album	2	0.54	50	0.37
Misplaced Childhood	Garage Inc. (Disc 2)	2	0.54	50	0.31
Misplaced Childhood	Greatest Hits	2	0.54	50	0.12
Misplaced Childhood	Kill 'Em All	1	0.27	25	0.18
Misplaced Childhood	Load	1	0.27	25	0.15
Misplaced Childhood	Lulu Santos - RCA 100 Anos De Música - Álbum 01	4	1.09	100	0.92
Misplaced Childhood	Lulu Santos - RCA 100 Anos De Música - Álbum 02	3	0.82	75	0.92
Misplaced Childhood	Mais Do Mesmo	3	0.82	75	0.55
Morning Dance	A-Sides	2	0.54	40	0.21
Morning Dance	Core	2	0.54	40	0.25
Morning Dance	Greatest Hits	1	0.27	20	0.05
Morning Dance	In Step	3	0.82	60	0.55
Morning Dance	Judas 0: B-Sides and Rarities	1	0.27	20	0.15
Morning Dance	Live [Disc 1]	1	0.27	20	0.18
Morning Dance	Maquinarama	1	0.27	20	0.18
Morning Dance	Mezmerize	1	0.27	20	0.18
Motley Crue Greatest Hits	...And Justice For All	1	0.27	25	0.23
Motley Crue Greatest Hits	Ace Of Spades	4	1.09	100	0.74
Motley Crue Greatest Hits	Acústico MTV	2	0.54	50	0.23
Motley Crue Greatest Hits	Arquivo II	1	0.27	25	0.18
Motley Crue Greatest Hits	Compositores	3	0.82	75	0.46
Motley Crue Greatest Hits	Demorou...	4	1.09	100	0.92
Motley Crue Greatest Hits	From The Muddy Banks Of The Wishkah [Live]	4	1.09	100	0.92
Motley Crue Greatest Hits	Miles Ahead	2	0.54	50	0.46
Motley Crue Greatest Hits	Milton Nascimento Ao Vivo	1	0.27	25	0.31
Motley Crue Greatest Hits	Minas	3	0.82	75	0.69
Mozart: Symphonies Nos. 40 & 41	Back to Black	1	0.27	100	0.74
Mozart: Symphonies Nos. 40 & 41	Frank	1	0.27	100	0.92
Mozart: Symphonies Nos. 40 & 41	Grieg: Peer Gynt Suites & Sibelius: Pelléas et Mélisande	1	0.27	100	3.68
Muso Ko	Adams, John: The Chairman Dances	1	0.27	100	3.68
Muso Ko	Carry On	1	0.27	100	1.23
Muso Ko	Haydn: Symphonies 99 - 104	1	0.27	100	3.68
Muso Ko	Holst: The Planets, Op. 32 & Vaughan Williams: Fantasies	1	0.27	100	3.68
Muso Ko	LOST, Season 4	1	0.27	100	0.92
My Generation - The Very Best Of The Who	Hot Rocks, 1964-1971 (Disc 1)	2	0.54	33.33	0.31
My Way: The Best Of Frank Sinatra [Disc 1]	American Idiot	1	0.27	25	0.15
My Way: The Best Of Frank Sinatra [Disc 1]	As Canções de Eu Tu Eles	4	1.09	100	0.92
My Way: The Best Of Frank Sinatra [Disc 1]	Deixa Entrar	2	0.54	50	0.46
My Way: The Best Of Frank Sinatra [Disc 1]	Faceless	2	0.54	50	0.37
My Way: The Best Of Frank Sinatra [Disc 1]	In Your Honor [Disc 1]	1	0.27	25	0.31
My Way: The Best Of Frank Sinatra [Disc 1]	In Your Honor [Disc 2]	3	0.82	75	0.69
My Way: The Best Of Frank Sinatra [Disc 1]	King For A Day Fool For A Lifetime	1	0.27	25	0.18
Na Pista	Acústico MTV [Live]	2	0.54	66.67	0.61
Na Pista	Axé Bahia 2001	2	0.54	66.67	0.61
Na Pista	BBC Sessions [Disc 1] [Live]	2	0.54	66.67	0.61
Na Pista	Bongo Fury	2	0.54	66.67	0.61
Na Pista	Carnaval 2001	2	0.54	66.67	0.61
Na Pista	Chill: Brazil (Disc 1)	2	0.54	66.67	0.61
Na Pista	Chill: Brazil (Disc 2)	2	0.54	66.67	0.41
Na Pista	Cidade Negra - Hits	3	0.82	100	0.74
Na Pista	Da Lama Ao Caos	1	0.27	33.33	0.31
Na Pista	Garage Inc. (Disc 1)	1	0.27	33.33	0.31
Na Pista	Greatest Hits II	1	0.27	33.33	0.2
Nevermind	...And Justice For All	1	0.27	25	0.23
Nevermind	Ace Of Spades	4	1.09	100	0.74
Nevermind	Acústico MTV	2	0.54	50	0.23
Nevermind	Arquivo II	1	0.27	25	0.18
Nevermind	Compositores	3	0.82	75	0.46
Nevermind	Demorou...	4	1.09	100	0.92
Nevermind	From The Muddy Banks Of The Wishkah [Live]	4	1.09	100	0.92
Nevermind	Miles Ahead	2	0.54	50	0.46
Nevermind	Milton Nascimento Ao Vivo	1	0.27	25	0.31
Nevermind	Minas	3	0.82	75	0.69
Nevermind	Motley Crue Greatest Hits	4	1.09	100	0.92
New Adventures In Hi-Fi	Dark Side Of The Moon	1	0.27	20	0.18
New Adventures In Hi-Fi	Greatest Hits	1	0.27	20	0.05
New Adventures In Hi-Fi	Greatest Hits I	1	0.27	20	0.12
New Adventures In Hi-Fi	Green	2	0.54	40	0.37
News Of The World	Dark Side Of The Moon	2	0.54	33.33	0.31
News Of The World	Greatest Hits	2	0.54	33.33	0.08
News Of The World	Greatest Hits I	3	0.82	50	0.31
News Of The World	Green	2	0.54	33.33	0.31
News Of The World	Live On Two Legs [Live]	1	0.27	16.67	0.12
News Of The World	New Adventures In Hi-Fi	1	0.27	16.67	0.12
Nielsen: The Six Symphonies	Frank	1	0.27	100	0.92
Nielsen: The Six Symphonies	Let There Be Rock	1	0.27	100	1.23
No More Tears (Remastered)	Arquivo Os Paralamas Do Sucesso	1	0.27	50	0.23
No More Tears (Remastered)	Bark at the Moon (Remastered)	1	0.27	50	1.84
No More Tears (Remastered)	Blizzard of Ozz	1	0.27	50	1.84
No More Tears (Remastered)	Diary of a Madman (Remastered)	1	0.27	50	1.84
No Prayer For The Dying	A Real Dead One	1	0.27	20	0.18
No Prayer For The Dying	A Real Live One	1	0.27	20	0.25
No Prayer For The Dying	Brave New World	2	0.54	40	0.37
No Prayer For The Dying	Dance Of Death	2	0.54	40	0.37
No Prayer For The Dying	Fear Of The Dark	3	0.82	60	0.55
No Prayer For The Dying	Iron Maiden	3	0.82	60	0.55
No Prayer For The Dying	Killers	3	0.82	60	0.55
No Prayer For The Dying	Live After Death	3	0.82	60	0.55
No Prayer For The Dying	Live At Donington 1992 (Disc 1)	3	0.82	60	0.55
No Prayer For The Dying	Live At Donington 1992 (Disc 2)	3	0.82	60	0.55
No Security	Beyond Good And Evil	2	0.54	50	0.46
No Security	Hot Rocks, 1964-1971 (Disc 1)	4	1.09	100	0.92
No Security	Live [Disc 2]	1	0.27	25	0.23
No Security	My Generation - The Very Best Of The Who	2	0.54	50	0.31
O Samba Poconé	A-Sides	2	0.54	50	0.26
O Samba Poconé	Blood Sugar Sex Magik	2	0.54	50	0.37
O Samba Poconé	By The Way	2	0.54	50	0.46
O Samba Poconé	Californication	3	0.82	75	0.69
O Samba Poconé	Greatest Hits	4	1.09	100	0.25
O Samba Poconé	In Step	1	0.27	25	0.23
O Samba Poconé	Judas 0: B-Sides and Rarities	3	0.82	75	0.55
O Samba Poconé	Maquinarama	4	1.09	100	0.92
O Samba Poconé	Morning Dance	1	0.27	25	0.18
Olodum	Ace Of Spades	2	0.54	50	0.37
Olodum	Acústico MTV	3	0.82	75	0.35
Olodum	Arquivo II	1	0.27	25	0.18
Olodum	Compositores	2	0.54	50	0.31
Olodum	Demorou...	2	0.54	50	0.46
Olodum	From The Muddy Banks Of The Wishkah [Live]	2	0.54	50	0.46
Olodum	Minas	1	0.27	25	0.23
Olodum	Motley Crue Greatest Hits	2	0.54	50	0.46
Olodum	Nevermind	2	0.54	50	0.46
One By One	As Canções de Eu Tu Eles	2	0.54	66.67	0.61
One By One	Deixa Entrar	2	0.54	66.67	0.61
One By One	Faceless	1	0.27	33.33	0.25
One By One	In Your Honor [Disc 1]	2	0.54	66.67	0.82
One By One	In Your Honor [Disc 2]	3	0.82	100	0.92
One By One	My Way: The Best Of Frank Sinatra [Disc 1]	2	0.54	66.67	0.61
Original Soundtracks 1	Arquivo Os Paralamas Do Sucesso	1	0.27	25	0.12
Original Soundtracks 1	Dark Side Of The Moon	1	0.27	25	0.23
Original Soundtracks 1	Greatest Hits	1	0.27	25	0.06
Original Soundtracks 1	Live On Two Legs [Live]	3	0.82	75	0.55
Os Cães Ladram Mas A Caravana Não Pára	Dark Side Of The Moon	3	0.82	60	0.55
Os Cães Ladram Mas A Caravana Não Pára	Greatest Hits	3	0.82	60	0.15
Os Cães Ladram Mas A Caravana Não Pára	Greatest Hits I	4	1.09	80	0.49
Os Cães Ladram Mas A Caravana Não Pára	Green	1	0.27	20	0.18
Os Cães Ladram Mas A Caravana Não Pára	Live On Two Legs [Live]	2	0.54	40	0.29
Os Cães Ladram Mas A Caravana Não Pára	New Adventures In Hi-Fi	1	0.27	20	0.15
Os Cães Ladram Mas A Caravana Não Pára	News Of The World	2	0.54	40	0.25
Out Of Exile	Alcohol Fueled Brewtality Live! [Disc 1]	4	1.09	100	0.92
Out Of Exile	Alcohol Fueled Brewtality Live! [Disc 2]	3	0.82	75	0.92
Out Of Exile	Audioslave	3	0.82	75	0.69
Out Of Exile	BackBeat Soundtrack	4	1.09	100	0.92
Out Of Exile	Big Ones	1	0.27	25	0.23
Out Of Exile	Black Sabbath	2	0.54	50	0.92
Out Of Exile	Black Sabbath Vol. 4 (Remaster)	3	0.82	75	0.55
Out Of Exile	Body Count	3	0.82	75	0.46
Out Of Exile	Chemical Wedding	2	0.54	50	0.31
Out Of Exile	Facelift	2	0.54	50	0.46
Out Of Exile	Jagged Little Pill	1	0.27	25	0.23
Out Of Time	Blood Sugar Sex Magik	1	0.27	16.67	0.12
Out Of Time	Cesta Básica	2	0.54	33.33	0.31
Out Of Time	Greatest Hits I	1	0.27	16.67	0.1
Out Of Time	Green	3	0.82	50	0.46
Out Of Time	New Adventures In Hi-Fi	1	0.27	16.67	0.12
Out Of Time	News Of The World	2	0.54	33.33	0.2
Outbreak	Come Taste The Band	2	0.54	50	0.46
Outbreak	Cássia Eller - Coleção Sem Limite [Disc 2]	1	0.27	25	0.18
Outbreak	Cássia Eller - Sem Limite [Disc 1]	1	0.27	25	0.18
Outbreak	Deep Purple In Rock	1	0.27	25	0.31
Outbreak	Djavan Ao Vivo - Vol. 02	3	0.82	75	0.55
Outbreak	Djavan Ao Vivo - Vol. 1	3	0.82	75	0.55
Outbreak	Elis Regina-Minha História	2	0.54	50	0.31
Outbreak	Fireball	1	0.27	25	0.31
Outbreak	Knocking at Your Back Door: The Best Of Deep Purple in the 80's	3	0.82	75	0.69
Outbreak	Machine Head	2	0.54	50	0.61
Pachelbel: Canon & Gigue	Adams, John: The Chairman Dances	1	0.27	100	3.68
Pachelbel: Canon & Gigue	Carry On	1	0.27	100	1.23
Pachelbel: Canon & Gigue	Haydn: Symphonies 99 - 104	1	0.27	100	3.68
Pachelbel: Canon & Gigue	Holst: The Planets, Op. 32 & Vaughan Williams: Fantasies	1	0.27	100	3.68
Pachelbel: Canon & Gigue	LOST, Season 4	1	0.27	100	0.92
Pachelbel: Canon & Gigue	Muso Ko	1	0.27	100	3.68
Pearl Jam	Dark Side Of The Moon	2	0.54	66.67	0.61
Pearl Jam	Greatest Hits	2	0.54	66.67	0.16
Pearl Jam	Greatest Hits I	2	0.54	66.67	0.41
Pearl Jam	Live On Two Legs [Live]	3	0.82	100	0.74
Pearl Jam	News Of The World	1	0.27	33.33	0.2
Pearl Jam	Original Soundtracks 1	1	0.27	33.33	0.31
Pearl Jam	Os Cães Ladram Mas A Caravana Não Pára	2	0.54	66.67	0.49
Physical Graffiti [Disc 1]	MK III The Final Concerts [Disc 1]	2	0.54	100	1.23
Physical Graffiti [Disc 1]	Meus Momentos	1	0.27	50	0.46
Physical Graffiti [Disc 1]	Minha Historia	2	0.54	100	0.33
Physical Graffiti [Disc 1]	Minha História	2	0.54	100	0.74
Physical Graffiti [Disc 2]	A TempestadeTempestade Ou O Livro Dos Dias	2	0.54	50	0.46
Physical Graffiti [Disc 2]	Barulhinho Bom	1	0.27	25	0.23
Physical Graffiti [Disc 2]	Led Zeppelin I	1	0.27	25	0.18
Physical Graffiti [Disc 2]	Led Zeppelin III	3	0.82	75	0.46
Physical Graffiti [Disc 2]	Lulu Santos - RCA 100 Anos De Música - Álbum 01	1	0.27	25	0.23
Physical Graffiti [Disc 2]	Lulu Santos - RCA 100 Anos De Música - Álbum 02	1	0.27	25	0.31
Physical Graffiti [Disc 2]	Mais Do Mesmo	2	0.54	50	0.37
Physical Graffiti [Disc 2]	Misplaced Childhood	1	0.27	25	0.23
Piece Of Mind	Brave New World	1	0.27	33.33	0.31
Piece Of Mind	Dance Of Death	1	0.27	33.33	0.31
Piece Of Mind	Fear Of The Dark	2	0.54	66.67	0.61
Piece Of Mind	Iron Maiden	2	0.54	66.67	0.61
Piece Of Mind	Killers	2	0.54	66.67	0.61
Piece Of Mind	Live After Death	2	0.54	66.67	0.61
Piece Of Mind	Live At Donington 1992 (Disc 1)	2	0.54	66.67	0.61
Piece Of Mind	Live At Donington 1992 (Disc 2)	2	0.54	66.67	0.61
Piece Of Mind	No Prayer For The Dying	2	0.54	66.67	0.49
Plays Metallica By Four Cellos	Alcohol Fueled Brewtality Live! [Disc 1]	1	0.27	50	0.46
Plays Metallica By Four Cellos	Audioslave	2	0.54	100	0.92
Plays Metallica By Four Cellos	BackBeat Soundtrack	1	0.27	50	0.46
Plays Metallica By Four Cellos	Black Sabbath	1	0.27	50	0.92
Plays Metallica By Four Cellos	Black Sabbath Vol. 4 (Remaster)	1	0.27	50	0.37
Plays Metallica By Four Cellos	Body Count	1	0.27	50	0.31
Plays Metallica By Four Cellos	Facelift	2	0.54	100	0.92
Plays Metallica By Four Cellos	Jagged Little Pill	1	0.27	50	0.46
Plays Metallica By Four Cellos	Out Of Exile	1	0.27	50	0.46
Pop	Achtung Baby	2	0.54	40	0.37
Pop	All That You Can't Leave Behind	2	0.54	40	0.37
Pop	B-Sides 1980-1990	3	0.82	60	0.37
Pop	How To Dismantle An Atomic Bomb	3	0.82	60	0.44
Pop	Lost, Season 1	2	0.54	40	0.29
Pop	Lost, Season 2	2	0.54	40	0.37
Powerslave	Brave New World	1	0.27	20	0.18
Powerslave	Dance Of Death	1	0.27	20	0.18
Powerslave	Fear Of The Dark	2	0.54	40	0.37
Powerslave	Iron Maiden	2	0.54	40	0.37
Powerslave	Killers	2	0.54	40	0.37
Powerslave	Live After Death	2	0.54	40	0.37
Powerslave	Live At Donington 1992 (Disc 1)	2	0.54	40	0.37
Powerslave	Live At Donington 1992 (Disc 2)	2	0.54	40	0.37
Powerslave	No Prayer For The Dying	2	0.54	40	0.29
Powerslave	Piece Of Mind	3	0.82	60	0.74
Prenda Minha	Afrociberdelia	1	0.27	16.67	0.12
Prenda Minha	Alcohol Fueled Brewtality Live! [Disc 1]	1	0.27	16.67	0.15
Prenda Minha	Alcohol Fueled Brewtality Live! [Disc 2]	1	0.27	16.67	0.2
Prenda Minha	BackBeat Soundtrack	1	0.27	16.67	0.15
Prenda Minha	Black Sabbath	1	0.27	16.67	0.31
Prenda Minha	Black Sabbath Vol. 4 (Remaster)	1	0.27	16.67	0.12
Prenda Minha	Body Count	1	0.27	16.67	0.1
Prenda Minha	Chemical Wedding	1	0.27	16.67	0.1
Prenda Minha	Minha Historia	1	0.27	16.67	0.06
Prenda Minha	Out Of Exile	1	0.27	16.67	0.15
Presence	A TempestadeTempestade Ou O Livro Dos Dias	1	0.27	50	0.46
Presence	Led Zeppelin III	2	0.54	100	0.61
Presence	Mais Do Mesmo	1	0.27	50	0.37
Presence	Physical Graffiti [Disc 2]	2	0.54	100	0.92
Prokofiev: Romeo & Juliet	Elgar: Cello Concerto & Vaughan Williams: Fantasias	1	0.27	100	3.68
Purcell: Music for the Queen Mary	English Renaissance	1	0.27	100	3.68
Purcell: Music for the Queen Mary	J.S. Bach: Chaconne, Suite in E Minor, Partita in E Major & Prelude, Fugue and Allegro	1	0.27	100	3.68
Purcell: The Fairy Queen	English Renaissance	1	0.27	100	3.68
Purcell: The Fairy Queen	J.S. Bach: Chaconne, Suite in E Minor, Partita in E Major & Prelude, Fugue and Allegro	1	0.27	100	3.68
Purcell: The Fairy Queen	Purcell: Music for the Queen Mary	1	0.27	100	3.68
Pure Cult: The Best Of The Cult (For Rockers, Ravers, Lovers & Sinners) [UK]	Beyond Good And Evil	3	0.82	75	0.69
Pure Cult: The Best Of The Cult (For Rockers, Ravers, Lovers & Sinners) [UK]	Hot Rocks, 1964-1971 (Disc 1)	3	0.82	75	0.69
Pure Cult: The Best Of The Cult (For Rockers, Ravers, Lovers & Sinners) [UK]	Live [Disc 2]	1	0.27	25	0.23
Pure Cult: The Best Of The Cult (For Rockers, Ravers, Lovers & Sinners) [UK]	My Generation - The Very Best Of The Who	1	0.27	25	0.15
Pure Cult: The Best Of The Cult (For Rockers, Ravers, Lovers & Sinners) [UK]	No Security	3	0.82	75	0.69
Purpendicular	Come Taste The Band	3	0.82	60	0.55
Purpendicular	Cássia Eller - Coleção Sem Limite [Disc 2]	1	0.27	20	0.15
Purpendicular	Cássia Eller - Sem Limite [Disc 1]	2	0.54	40	0.29
Purpendicular	Deep Purple In Rock	2	0.54	40	0.49
Purpendicular	Djavan Ao Vivo - Vol. 02	3	0.82	60	0.44
Purpendicular	Djavan Ao Vivo - Vol. 1	3	0.82	60	0.44
Purpendicular	Elis Regina-Minha História	2	0.54	40	0.25
Purpendicular	Fireball	2	0.54	40	0.49
Purpendicular	Knocking at Your Back Door: The Best Of Deep Purple in the 80's	4	1.09	80	0.74
Purpendicular	Machine Head	3	0.82	60	0.74
Purpendicular	Outbreak	4	1.09	80	0.74
Quanta Gente Veio Ver (Live)	American Idiot	1	0.27	16.67	0.1
Quanta Gente Veio Ver (Live)	As Canções de Eu Tu Eles	3	0.82	50	0.46
Quanta Gente Veio Ver (Live)	Deixa Entrar	1	0.27	16.67	0.15
Quanta Gente Veio Ver (Live)	Faceless	2	0.54	33.33	0.25
Quanta Gente Veio Ver (Live)	In Your Honor [Disc 1]	1	0.27	16.67	0.2
Quanta Gente Veio Ver (Live)	In Your Honor [Disc 2]	2	0.54	33.33	0.31
Quanta Gente Veio Ver (Live)	My Way: The Best Of Frank Sinatra [Disc 1]	3	0.82	50	0.46
Quanta Gente Veio Ver (Live)	One By One	2	0.54	33.33	0.41
Quanta Gente Veio ver--Bônus De Carnaval	As Canções de Eu Tu Eles	1	0.27	100	0.92
Quanta Gente Veio ver--Bônus De Carnaval	Faceless	1	0.27	100	0.74
Quanta Gente Veio ver--Bônus De Carnaval	In Your Honor [Disc 2]	1	0.27	100	0.92
Quanta Gente Veio ver--Bônus De Carnaval	My Way: The Best Of Frank Sinatra [Disc 1]	1	0.27	100	0.92
Quanta Gente Veio ver--Bônus De Carnaval	One By One	1	0.27	100	1.23
Quanta Gente Veio ver--Bônus De Carnaval	Quanta Gente Veio Ver (Live)	1	0.27	100	0.61
Radio Brasil (O Som da Jovem Vanguarda) - Seleccao de Henrique Amaro	20th Century Masters - The Millennium Collection: The Best of Scorpions	1	0.27	33.33	0.41
Radio Brasil (O Som da Jovem Vanguarda) - Seleccao de Henrique Amaro	Adams, John: The Chairman Dances	1	0.27	33.33	1.23
Radio Brasil (O Som da Jovem Vanguarda) - Seleccao de Henrique Amaro	Bach: The Cello Suites	1	0.27	33.33	1.23
Radio Brasil (O Som da Jovem Vanguarda) - Seleccao de Henrique Amaro	Carry On	2	0.54	66.67	0.82
Radio Brasil (O Som da Jovem Vanguarda) - Seleccao de Henrique Amaro	Every Kind of Light	1	0.27	33.33	1.23
Radio Brasil (O Som da Jovem Vanguarda) - Seleccao de Henrique Amaro	Haydn: Symphonies 99 - 104	1	0.27	33.33	1.23
Radio Brasil (O Som da Jovem Vanguarda) - Seleccao de Henrique Amaro	Holst: The Planets, Op. 32 & Vaughan Williams: Fantasies	1	0.27	33.33	1.23
Radio Brasil (O Som da Jovem Vanguarda) - Seleccao de Henrique Amaro	House of Pain	2	0.54	66.67	0.82
Radio Brasil (O Som da Jovem Vanguarda) - Seleccao de Henrique Amaro	LOST, Season 4	3	0.82	100	0.92
Radio Brasil (O Som da Jovem Vanguarda) - Seleccao de Henrique Amaro	Muso Ko	1	0.27	33.33	1.23
Radio Brasil (O Som da Jovem Vanguarda) - Seleccao de Henrique Amaro	Pachelbel: Canon & Gigue	1	0.27	33.33	1.23
Rattle And Hum	Achtung Baby	1	0.27	16.67	0.15
Rattle And Hum	All That You Can't Leave Behind	1	0.27	16.67	0.15
Rattle And Hum	B-Sides 1980-1990	1	0.27	16.67	0.1
Rattle And Hum	How To Dismantle An Atomic Bomb	1	0.27	16.67	0.12
Rattle And Hum	Lost, Season 1	1	0.27	16.67	0.12
Rattle And Hum	Lost, Season 2	1	0.27	16.67	0.15
Rattle And Hum	Pop	2	0.54	33.33	0.25
Raul Seixas	Blood Sugar Sex Magik	3	0.82	75	0.55
Raul Seixas	By The Way	2	0.54	50	0.46
Raul Seixas	Californication	1	0.27	25	0.23
Raul Seixas	Cesta Básica	3	0.82	75	0.69
Raul Seixas	Greatest Hits	1	0.27	25	0.06
Raul Seixas	Maquinarama	1	0.27	25	0.23
Raul Seixas	O Samba Poconé	1	0.27	25	0.23
Raul Seixas	Out Of Time	1	0.27	25	0.15
ReLoad	...And Justice For All	1	0.27	20	0.18
ReLoad	Kill 'Em All	1	0.27	20	0.15
ReLoad	Load	3	0.82	60	0.37
ReLoad	Master Of Puppets	2	0.54	40	0.29
Respighi:Pines of Rome	Big Ones	1	0.27	100	0.92
Respighi:Pines of Rome	For Those About To Rock We Salute You	1	0.27	100	1.23
Respighi:Pines of Rome	Jagged Little Pill	1	0.27	100	0.92
Restless and Wild	Balls to the Wall	1	0.27	33.33	1.23
Restless and Wild	For Those About To Rock We Salute You	1	0.27	33.33	0.41
Restless and Wild	Frank	1	0.27	33.33	0.31
Restless and Wild	Let There Be Rock	1	0.27	33.33	0.41
Restless and Wild	Liszt - 12 Études D'Execution Transcendante	1	0.27	33.33	1.23
Restless and Wild	Nielsen: The Six Symphonies	1	0.27	33.33	1.23
Retrospective I (1974-1980)	A-Sides	2	0.54	40	0.21
Retrospective I (1974-1980)	Blood Sugar Sex Magik	3	0.82	60	0.44
Retrospective I (1974-1980)	By The Way	3	0.82	60	0.55
Retrospective I (1974-1980)	Californication	4	1.09	80	0.74
Retrospective I (1974-1980)	Greatest Hits	4	1.09	80	0.2
Retrospective I (1974-1980)	In Step	1	0.27	20	0.18
Retrospective I (1974-1980)	Judas 0: B-Sides and Rarities	3	0.82	60	0.44
Retrospective I (1974-1980)	Maquinarama	4	1.09	80	0.74
Retrospective I (1974-1980)	Morning Dance	1	0.27	20	0.15
Retrospective I (1974-1980)	O Samba Poconé	4	1.09	80	0.74
Retrospective I (1974-1980)	Raul Seixas	1	0.27	20	0.18
Revelations	Adams, John: The Chairman Dances	1	0.27	33.33	1.23
Revelations	Bach: The Cello Suites	1	0.27	33.33	1.23
Revelations	Back to Black	1	0.27	33.33	0.25
Revelations	Beethoven Piano Sonatas: Moonlight & Pastorale	1	0.27	33.33	1.23
Revelations	Berlioz: Symphonie Fantastique	1	0.27	33.33	1.23
Revelations	Carry On	3	0.82	100	1.23
Revelations	Duos II	1	0.27	33.33	1.23
Revelations	Every Kind of Light	1	0.27	33.33	1.23
Revelations	Fauré: Requiem, Ravel: Pavane & Others	1	0.27	33.33	1.23
Revelations	Handel: The Messiah (Highlights)	1	0.27	33.33	1.23
Revelations	Haydn: Symphonies 99 - 104	1	0.27	33.33	1.23
Revelations	Holst: The Planets, Op. 32 & Vaughan Williams: Fantasies	1	0.27	33.33	1.23
Revelations	House of Pain	1	0.27	33.33	0.41
Revelations	LOST, Season 4	3	0.82	100	0.92
Revelations	Muso Ko	1	0.27	33.33	1.23
Revelations	Pachelbel: Canon & Gigue	1	0.27	33.33	1.23
Revelations	Radio Brasil (O Som da Jovem Vanguarda) - Seleccao de Henrique Amaro	2	0.54	66.67	0.82
Ride The Lightning	...And Justice For All	1	0.27	33.33	0.31
Ride The Lightning	Kill 'Em All	1	0.27	33.33	0.25
Ride The Lightning	Load	1	0.27	33.33	0.2
Ride The Lightning	Master Of Puppets	1	0.27	33.33	0.25
Ride The Lightning	Miles Ahead	1	0.27	33.33	0.31
Ride The Lightning	Milton Nascimento Ao Vivo	1	0.27	33.33	0.41
Ride The Lightning	ReLoad	2	0.54	66.67	0.49
Riot Act	Dark Side Of The Moon	4	1.09	80	0.74
Riot Act	Greatest Hits	4	1.09	80	0.2
Riot Act	Greatest Hits I	3	0.82	60	0.37
Riot Act	Green	1	0.27	20	0.18
Riot Act	Live On Two Legs [Live]	4	1.09	80	0.59
Riot Act	New Adventures In Hi-Fi	1	0.27	20	0.15
Riot Act	News Of The World	2	0.54	40	0.25
Riot Act	Original Soundtracks 1	2	0.54	40	0.37
Riot Act	Os Cães Ladram Mas A Caravana Não Pára	3	0.82	60	0.44
Riot Act	Pearl Jam	3	0.82	60	0.74
Rock In Rio [CD1]	Brave New World	1	0.27	25	0.23
Rock In Rio [CD1]	Dance Of Death	1	0.27	25	0.23
Rock In Rio [CD1]	Fear Of The Dark	2	0.54	50	0.46
Rock In Rio [CD1]	Iron Maiden	2	0.54	50	0.46
Rock In Rio [CD1]	Killers	2	0.54	50	0.46
Rock In Rio [CD1]	Live After Death	2	0.54	50	0.46
Rock In Rio [CD1]	Live At Donington 1992 (Disc 1)	2	0.54	50	0.46
Rock In Rio [CD1]	Live At Donington 1992 (Disc 2)	2	0.54	50	0.46
Rock In Rio [CD1]	No Prayer For The Dying	2	0.54	50	0.37
Rock In Rio [CD1]	Piece Of Mind	3	0.82	75	0.92
Rock In Rio [CD1]	Powerslave	3	0.82	75	0.55
Rock In Rio [CD2]	Fear Of The Dark	1	0.27	25	0.23
Rock In Rio [CD2]	Iron Maiden	1	0.27	25	0.23
Rock In Rio [CD2]	Killers	1	0.27	25	0.23
Rock In Rio [CD2]	Live After Death	1	0.27	25	0.23
Rock In Rio [CD2]	Live At Donington 1992 (Disc 1)	1	0.27	25	0.23
Rock In Rio [CD2]	Live At Donington 1992 (Disc 2)	1	0.27	25	0.23
Rock In Rio [CD2]	No Prayer For The Dying	1	0.27	25	0.18
Rock In Rio [CD2]	Piece Of Mind	1	0.27	25	0.31
Rock In Rio [CD2]	Powerslave	1	0.27	25	0.18
Rock In Rio [CD2]	Rock In Rio [CD1]	1	0.27	25	0.23
Roda De Funk	American Idiot	1	0.27	25	0.15
Roda De Funk	As Canções de Eu Tu Eles	4	1.09	100	0.92
Roda De Funk	Deixa Entrar	2	0.54	50	0.46
Roda De Funk	Faceless	2	0.54	50	0.37
Roda De Funk	In Your Honor [Disc 1]	1	0.27	25	0.31
Roda De Funk	In Your Honor [Disc 2]	3	0.82	75	0.69
Roda De Funk	King For A Day Fool For A Lifetime	1	0.27	25	0.18
Roda De Funk	My Way: The Best Of Frank Sinatra [Disc 1]	4	1.09	100	0.92
Roda De Funk	One By One	2	0.54	50	0.61
Roda De Funk	Quanta Gente Veio Ver (Live)	3	0.82	75	0.46
Roda De Funk	Quanta Gente Veio ver--Bônus De Carnaval	1	0.27	25	0.92
Rotten Apples: Greatest Hits	A-Sides	4	1.09	66.67	0.35
Rotten Apples: Greatest Hits	Blood Sugar Sex Magik	1	0.27	16.67	0.12
Rotten Apples: Greatest Hits	By The Way	1	0.27	16.67	0.15
Rotten Apples: Greatest Hits	Californication	2	0.54	33.33	0.31
Rotten Apples: Greatest Hits	Greatest Hits	3	0.82	50	0.12
Rotten Apples: Greatest Hits	In Step	1	0.27	16.67	0.15
Rotten Apples: Greatest Hits	Judas 0: B-Sides and Rarities	3	0.82	50	0.37
Rotten Apples: Greatest Hits	Maquinarama	3	0.82	50	0.46
Rotten Apples: Greatest Hits	Morning Dance	1	0.27	16.67	0.12
Rotten Apples: Greatest Hits	O Samba Poconé	3	0.82	50	0.46
Rotten Apples: Greatest Hits	Retrospective I (1974-1980)	3	0.82	50	0.37
Sambas De Enredo 2001	Chronicle, Vol. 1	1	0.27	25	0.12
Sambas De Enredo 2001	Into The Light	1	0.27	25	0.23
Sambas De Enredo 2001	MK III The Final Concerts [Disc 1]	2	0.54	50	0.61
Sambas De Enredo 2001	Meus Momentos	1	0.27	25	0.23
Sambas De Enredo 2001	Minha Historia	2	0.54	50	0.17
Sambas De Enredo 2001	Minha História	3	0.82	75	0.55
Sambas De Enredo 2001	Physical Graffiti [Disc 1]	1	0.27	25	0.46
Santana - As Years Go By	A-Sides	1	0.27	33.33	0.18
Santana - As Years Go By	Blood Sugar Sex Magik	2	0.54	66.67	0.49
Santana - As Years Go By	By The Way	2	0.54	66.67	0.61
Santana - As Years Go By	Californication	3	0.82	100	0.92
Santana - As Years Go By	Greatest Hits	3	0.82	100	0.25
Santana - As Years Go By	Judas 0: B-Sides and Rarities	2	0.54	66.67	0.49
Santana - As Years Go By	Maquinarama	3	0.82	100	0.92
Santana - As Years Go By	O Samba Poconé	3	0.82	100	0.92
Santana - As Years Go By	Raul Seixas	1	0.27	33.33	0.31
Santana - As Years Go By	Retrospective I (1974-1980)	3	0.82	100	0.74
Santana - As Years Go By	Rotten Apples: Greatest Hits	2	0.54	66.67	0.41
Santana Live	A-Sides	2	0.54	66.67	0.35
Santana Live	Blood Sugar Sex Magik	1	0.27	33.33	0.25
Santana Live	By The Way	1	0.27	33.33	0.31
Santana Live	Californication	2	0.54	66.67	0.61
Santana Live	Greatest Hits	3	0.82	100	0.25
Santana Live	In Step	1	0.27	33.33	0.31
Santana Live	Judas 0: B-Sides and Rarities	2	0.54	66.67	0.49
Santana Live	Maquinarama	3	0.82	100	0.92
Santana Live	Morning Dance	1	0.27	33.33	0.25
Santana Live	O Samba Poconé	3	0.82	100	0.92
Santana Live	Raul Seixas	1	0.27	33.33	0.31
Santana Live	Retrospective I (1974-1980)	3	0.82	100	0.74
Santana Live	Rotten Apples: Greatest Hits	2	0.54	66.67	0.41
Santana Live	Santana - As Years Go By	2	0.54	66.67	0.82
Scheherazade	Adams, John: The Chairman Dances	1	0.27	100	3.68
Scheherazade	Carry On	1	0.27	100	1.23
Scheherazade	Haydn: Symphonies 99 - 104	1	0.27	100	3.68
Scheherazade	Holst: The Planets, Op. 32 & Vaughan Williams: Fantasies	1	0.27	100	3.68
Scheherazade	LOST, Season 4	1	0.27	100	0.92
Scheherazade	Muso Ko	1	0.27	100	3.68
Scheherazade	Pachelbel: Canon & Gigue	1	0.27	100	3.68
Scheherazade	Radio Brasil (O Som da Jovem Vanguarda) - Seleccao de Henrique Amaro	1	0.27	100	1.23
Scheherazade	Revelations	1	0.27	100	1.23
Schubert: The Late String Quartets & String Quintet (3 CD's)	For Those About To Rock We Salute You	1	0.27	100	1.23
Schubert: The Late String Quartets & String Quintet (3 CD's)	Liszt - 12 Études D'Execution Transcendante	1	0.27	100	3.68
Schubert: The Late String Quartets & String Quintet (3 CD's)	Restless and Wild	1	0.27	100	1.23
Seek And Shall Find: More Of The Best (1963-1981)	A TempestadeTempestade Ou O Livro Dos Dias	1	0.27	20	0.18
Seek And Shall Find: More Of The Best (1963-1981)	Barulhinho Bom	3	0.82	60	0.55
Seek And Shall Find: More Of The Best (1963-1981)	Black Album	2	0.54	40	0.29
Seek And Shall Find: More Of The Best (1963-1981)	Garage Inc. (Disc 2)	2	0.54	40	0.25
Seek And Shall Find: More Of The Best (1963-1981)	Greatest Hits	2	0.54	40	0.1
Seek And Shall Find: More Of The Best (1963-1981)	Kill 'Em All	1	0.27	20	0.15
Seek And Shall Find: More Of The Best (1963-1981)	Load	1	0.27	20	0.12
Seek And Shall Find: More Of The Best (1963-1981)	Lulu Santos - RCA 100 Anos De Música - Álbum 01	3	0.82	60	0.55
Seek And Shall Find: More Of The Best (1963-1981)	Lulu Santos - RCA 100 Anos De Música - Álbum 02	2	0.54	40	0.49
Seek And Shall Find: More Of The Best (1963-1981)	Mais Do Mesmo	2	0.54	40	0.29
Seek And Shall Find: More Of The Best (1963-1981)	Misplaced Childhood	3	0.82	60	0.55
Serie Sem Limite (Disc 1)	Acústico	1	0.27	16.67	0.08
Serie Sem Limite (Disc 1)	Hot Rocks, 1964-1971 (Disc 1)	1	0.27	16.67	0.15
Serie Sem Limite (Disc 1)	My Generation - The Very Best Of The Who	2	0.54	33.33	0.2
Serie Sem Limite (Disc 1)	No Security	1	0.27	16.67	0.15
Serie Sem Limite (Disc 2)	Acústico	3	0.82	50	0.23
Serie Sem Limite (Disc 2)	Battlestar Galactica, Season 3	1	0.27	16.67	0.1
Serie Sem Limite (Disc 2)	Hot Rocks, 1964-1971 (Disc 1)	1	0.27	16.67	0.15
Serie Sem Limite (Disc 2)	My Generation - The Very Best Of The Who	1	0.27	16.67	0.1
Serie Sem Limite (Disc 2)	No Security	1	0.27	16.67	0.15
Serie Sem Limite (Disc 2)	Serie Sem Limite (Disc 1)	3	0.82	50	0.31
Seventh Son of a Seventh Son	Fear Of The Dark	1	0.27	25	0.23
Seventh Son of a Seventh Son	Iron Maiden	1	0.27	25	0.23
Seventh Son of a Seventh Son	Killers	1	0.27	25	0.23
Seventh Son of a Seventh Son	Live After Death	1	0.27	25	0.23
Seventh Son of a Seventh Son	Live At Donington 1992 (Disc 1)	1	0.27	25	0.23
Seventh Son of a Seventh Son	Live At Donington 1992 (Disc 2)	1	0.27	25	0.23
Seventh Son of a Seventh Son	No Prayer For The Dying	1	0.27	25	0.18
Seventh Son of a Seventh Son	Piece Of Mind	1	0.27	25	0.31
Seventh Son of a Seventh Son	Powerslave	1	0.27	25	0.18
Seventh Son of a Seventh Son	Rock In Rio [CD1]	1	0.27	25	0.23
Seventh Son of a Seventh Son	Rock In Rio [CD2]	2	0.54	50	0.46
Sex Machine	Are You Experienced?	1	0.27	25	0.18
Sex Machine	Cafezinho	1	0.27	25	0.23
Sex Machine	Emergency On Planet Earth	2	0.54	50	0.61
Sex Machine	Get Born	1	0.27	25	0.23
Sex Machine	Jorge Ben Jor 25 Anos	1	0.27	25	0.23
Sex Machine	Jota Quest-1995	1	0.27	25	0.23
Slaves And Masters	Come Taste The Band	2	0.54	50	0.46
Slaves And Masters	Cássia Eller - Coleção Sem Limite [Disc 2]	1	0.27	25	0.18
Slaves And Masters	Cássia Eller - Sem Limite [Disc 1]	1	0.27	25	0.18
Slaves And Masters	Deep Purple In Rock	1	0.27	25	0.31
Slaves And Masters	Djavan Ao Vivo - Vol. 02	3	0.82	75	0.55
Slaves And Masters	Djavan Ao Vivo - Vol. 1	3	0.82	75	0.55
Slaves And Masters	Elis Regina-Minha História	2	0.54	50	0.31
Slaves And Masters	Fireball	1	0.27	25	0.31
Slaves And Masters	Knocking at Your Back Door: The Best Of Deep Purple in the 80's	3	0.82	75	0.69
Slaves And Masters	Machine Head	2	0.54	50	0.61
Slaves And Masters	Outbreak	4	1.09	100	0.92
Slaves And Masters	Purpendicular	4	1.09	100	0.74
Somewhere in Time	Rock In Rio [CD2]	2	0.54	50	0.46
Somewhere in Time	Seventh Son of a Seventh Son	2	0.54	50	0.46
South American Getaway	Bach: Orchestral Suites Nos. 1 - 4	1	0.27	100	3.68
Sozinho Remix Ao Vivo	Afrociberdelia	1	0.27	50	0.37
Sozinho Remix Ao Vivo	Minha Historia	2	0.54	100	0.33
Sozinho Remix Ao Vivo	Prenda Minha	1	0.27	50	0.31
Speak of the Devil	20th Century Masters - The Millennium Collection: The Best of Scorpions	2	0.54	66.67	0.82
Speak of the Devil	Battlestar Galactica (Classic), Season 1	1	0.27	33.33	0.15
Speak of the Devil	House of Pain	1	0.27	33.33	0.41
Speak of the Devil	Instant Karma: The Amnesty International Campaign to Save Darfur	3	0.82	100	0.74
St. Anger	...And Justice For All	3	0.82	75	0.69
St. Anger	Ace Of Spades	1	0.27	25	0.18
St. Anger	Demorou...	1	0.27	25	0.23
St. Anger	From The Muddy Banks Of The Wishkah [Live]	1	0.27	25	0.23
St. Anger	Load	1	0.27	25	0.15
St. Anger	Miles Ahead	2	0.54	50	0.46
St. Anger	Milton Nascimento Ao Vivo	1	0.27	25	0.31
St. Anger	Minas	1	0.27	25	0.23
St. Anger	Motley Crue Greatest Hits	1	0.27	25	0.23
St. Anger	Nevermind	1	0.27	25	0.23
St. Anger	ReLoad	2	0.54	50	0.37
St. Anger	Ride The Lightning	2	0.54	50	0.61
Stormbringer	Come Taste The Band	2	0.54	50	0.46
Stormbringer	Cássia Eller - Coleção Sem Limite [Disc 2]	1	0.27	25	0.18
Stormbringer	Cássia Eller - Sem Limite [Disc 1]	1	0.27	25	0.18
Stormbringer	Deep Purple In Rock	1	0.27	25	0.31
Stormbringer	Djavan Ao Vivo - Vol. 02	3	0.82	75	0.55
Stormbringer	Djavan Ao Vivo - Vol. 1	3	0.82	75	0.55
Stormbringer	Elis Regina-Minha História	2	0.54	50	0.31
Stormbringer	Fireball	1	0.27	25	0.31
Stormbringer	Knocking at Your Back Door: The Best Of Deep Purple in the 80's	3	0.82	75	0.69
Stormbringer	Machine Head	2	0.54	50	0.61
Stormbringer	Outbreak	4	1.09	100	0.92
Stormbringer	Purpendicular	4	1.09	100	0.74
Stormbringer	Slaves And Masters	4	1.09	100	0.92
Supernatural	Chronicle, Vol. 1	1	0.27	25	0.12
Supernatural	Into The Light	1	0.27	25	0.23
Supernatural	MK III The Final Concerts [Disc 1]	2	0.54	50	0.61
Supernatural	Meus Momentos	1	0.27	25	0.23
Supernatural	Minha Historia	2	0.54	50	0.17
Supernatural	Minha História	3	0.82	75	0.55
Supernatural	Physical Graffiti [Disc 1]	1	0.27	25	0.46
Supernatural	Sambas De Enredo 2001	4	1.09	100	0.92
Surfing with the Alien (Remastered)	Are You Experienced?	4	1.09	100	0.74
Surfing with the Alien (Remastered)	BBC Sessions [Disc 2] [Live]	2	0.54	50	0.31
Surfing with the Alien (Remastered)	Cafezinho	4	1.09	100	0.92
Surfing with the Alien (Remastered)	Coda	1	0.27	25	0.23
Surfing with the Alien (Remastered)	Get Born	3	0.82	75	0.69
Surfing with the Alien (Remastered)	Houses Of The Holy	1	0.27	25	0.23
Surfing with the Alien (Remastered)	In Through The Out Door	1	0.27	25	0.23
Surfing with the Alien (Remastered)	Jorge Ben Jor 25 Anos	4	1.09	100	0.92
Surfing with the Alien (Remastered)	Jota Quest-1995	4	1.09	100	0.92
Surfing with the Alien (Remastered)	Living After Midnight	3	0.82	75	0.46
Surfing with the Alien (Remastered)	Sex Machine	1	0.27	25	0.23
Synkronized	Are You Experienced?	3	0.82	75	0.55
Synkronized	Cafezinho	2	0.54	50	0.46
Synkronized	Emergency On Planet Earth	2	0.54	50	0.61
Synkronized	Get Born	3	0.82	75	0.69
Synkronized	Jorge Ben Jor 25 Anos	2	0.54	50	0.46
Synkronized	Jota Quest-1995	2	0.54	50	0.46
Synkronized	Living After Midnight	1	0.27	25	0.15
Synkronized	Sex Machine	2	0.54	50	0.46
Synkronized	Surfing with the Alien (Remastered)	2	0.54	50	0.46
Szymanowski: Piano Works, Vol. 1	Frank	1	0.27	100	0.92
Szymanowski: Piano Works, Vol. 1	Górecki: Symphony No. 3	1	0.27	100	3.68
Szymanowski: Piano Works, Vol. 1	Mendelssohn: A Midsummer Night's Dream	1	0.27	100	3.68
Tangents	Beyond Good And Evil	1	0.27	20	0.18
Tangents	Hot Rocks, 1964-1971 (Disc 1)	3	0.82	60	0.55
Tangents	My Generation - The Very Best Of The Who	2	0.54	40	0.25
Tangents	No Security	3	0.82	60	0.55
Tangents	Pure Cult: The Best Of The Cult (For Rockers, Ravers, Lovers & Sinners) [UK]	2	0.54	40	0.37
Tangents	Serie Sem Limite (Disc 1)	1	0.27	20	0.12
Tangents	Serie Sem Limite (Disc 2)	1	0.27	20	0.12
Tchaikovsky: 1812 Festival Overture, Op.49, Capriccio Italien & Beethoven: Wellington's Victory	Elgar: Cello Concerto & Vaughan Williams: Fantasias	1	0.27	100	3.68
Tchaikovsky: 1812 Festival Overture, Op.49, Capriccio Italien & Beethoven: Wellington's Victory	Prokofiev: Romeo & Juliet	1	0.27	100	3.68
Temple of the Dog	Adams, John: The Chairman Dances	1	0.27	33.33	1.23
Temple of the Dog	Bach: The Cello Suites	1	0.27	33.33	1.23
Temple of the Dog	Back to Black	1	0.27	33.33	0.25
Temple of the Dog	Beethoven Piano Sonatas: Moonlight & Pastorale	1	0.27	33.33	1.23
Temple of the Dog	Berlioz: Symphonie Fantastique	1	0.27	33.33	1.23
Temple of the Dog	Carry On	3	0.82	100	1.23
Temple of the Dog	Duos II	1	0.27	33.33	1.23
Temple of the Dog	Every Kind of Light	1	0.27	33.33	1.23
Temple of the Dog	Fauré: Requiem, Ravel: Pavane & Others	1	0.27	33.33	1.23
Temple of the Dog	Handel: The Messiah (Highlights)	1	0.27	33.33	1.23
Temple of the Dog	Haydn: Symphonies 99 - 104	1	0.27	33.33	1.23
Temple of the Dog	Holst: The Planets, Op. 32 & Vaughan Williams: Fantasies	1	0.27	33.33	1.23
Temple of the Dog	House of Pain	1	0.27	33.33	0.41
Temple of the Dog	LOST, Season 4	3	0.82	100	0.92
Temple of the Dog	Muso Ko	1	0.27	33.33	1.23
Temple of the Dog	Pachelbel: Canon & Gigue	1	0.27	33.33	1.23
Temple of the Dog	Radio Brasil (O Som da Jovem Vanguarda) - Seleccao de Henrique Amaro	2	0.54	66.67	0.82
Temple of the Dog	Revelations	3	0.82	100	1.23
Temple of the Dog	Scheherazade	1	0.27	33.33	1.23
Ten	Dark Side Of The Moon	4	1.09	100	0.92
Ten	Greatest Hits	4	1.09	100	0.25
Ten	Greatest Hits I	3	0.82	75	0.46
Ten	Green	1	0.27	25	0.23
Ten	Live On Two Legs [Live]	3	0.82	75	0.55
Ten	New Adventures In Hi-Fi	1	0.27	25	0.18
Ten	News Of The World	2	0.54	50	0.31
Ten	Original Soundtracks 1	1	0.27	25	0.23
Ten	Os Cães Ladram Mas A Caravana Não Pára	3	0.82	75	0.55
Ten	Pearl Jam	2	0.54	50	0.61
Ten	Riot Act	4	1.09	100	0.74
The Battle Rages On	Come Taste The Band	2	0.54	50	0.46
The Battle Rages On	Cássia Eller - Coleção Sem Limite [Disc 2]	1	0.27	25	0.18
The Battle Rages On	Cássia Eller - Sem Limite [Disc 1]	1	0.27	25	0.18
The Battle Rages On	Deep Purple In Rock	1	0.27	25	0.31
The Battle Rages On	Djavan Ao Vivo - Vol. 02	3	0.82	75	0.55
The Battle Rages On	Djavan Ao Vivo - Vol. 1	3	0.82	75	0.55
The Battle Rages On	Elis Regina-Minha História	2	0.54	50	0.31
The Battle Rages On	Fireball	1	0.27	25	0.31
The Battle Rages On	Knocking at Your Back Door: The Best Of Deep Purple in the 80's	3	0.82	75	0.69
The Battle Rages On	Machine Head	2	0.54	50	0.61
The Battle Rages On	Outbreak	4	1.09	100	0.92
The Battle Rages On	Purpendicular	4	1.09	100	0.74
The Battle Rages On	Slaves And Masters	4	1.09	100	0.92
The Battle Rages On	Stormbringer	4	1.09	100	0.92
The Beast Live	Dark Side Of The Moon	2	0.54	50	0.46
The Beast Live	Greatest Hits	2	0.54	50	0.12
The Beast Live	Greatest Hits I	1	0.27	25	0.15
The Beast Live	Live On Two Legs [Live]	4	1.09	100	0.74
The Beast Live	Original Soundtracks 1	3	0.82	75	0.69
The Beast Live	Os Cães Ladram Mas A Caravana Não Pára	1	0.27	25	0.18
The Beast Live	Pearl Jam	2	0.54	50	0.61
The Beast Live	Riot Act	3	0.82	75	0.55
The Beast Live	Ten	2	0.54	50	0.46
The Best Of 1980-1990	Diver Down	1	0.27	14.29	0.11
The Best Of 1980-1990	Pop	1	0.27	14.29	0.11
The Best Of 1980-1990	Rattle And Hum	3	0.82	42.86	0.26
The Best Of Billy Cobham	Alcohol Fueled Brewtality Live! [Disc 1]	4	1.09	100	0.92
The Best Of Billy Cobham	Alcohol Fueled Brewtality Live! [Disc 2]	3	0.82	75	0.92
The Best Of Billy Cobham	Audioslave	3	0.82	75	0.69
The Best Of Billy Cobham	BackBeat Soundtrack	4	1.09	100	0.92
The Best Of Billy Cobham	Big Ones	1	0.27	25	0.23
The Best Of Billy Cobham	Black Sabbath	2	0.54	50	0.92
The Best Of Billy Cobham	Black Sabbath Vol. 4 (Remaster)	3	0.82	75	0.55
The Best Of Billy Cobham	Body Count	3	0.82	75	0.46
The Best Of Billy Cobham	Chemical Wedding	2	0.54	50	0.31
The Best Of Billy Cobham	Facelift	2	0.54	50	0.46
The Best Of Billy Cobham	Jagged Little Pill	1	0.27	25	0.23
The Best Of Billy Cobham	Out Of Exile	4	1.09	100	0.92
The Best Of Billy Cobham	Plays Metallica By Four Cellos	1	0.27	25	0.46
The Best Of Billy Cobham	Prenda Minha	1	0.27	25	0.15
The Best Of Buddy Guy - The Millenium Collection	Alcohol Fueled Brewtality Live! [Disc 1]	1	0.27	25	0.23
The Best Of Buddy Guy - The Millenium Collection	Alcohol Fueled Brewtality Live! [Disc 2]	1	0.27	25	0.31
The Best Of Buddy Guy - The Millenium Collection	BackBeat Soundtrack	1	0.27	25	0.23
The Best Of Buddy Guy - The Millenium Collection	Black Sabbath	1	0.27	25	0.46
The Best Of Buddy Guy - The Millenium Collection	Black Sabbath Vol. 4 (Remaster)	1	0.27	25	0.18
The Best Of Buddy Guy - The Millenium Collection	Body Count	2	0.54	50	0.31
The Best Of Buddy Guy - The Millenium Collection	Chemical Wedding	3	0.82	75	0.46
The Best Of Buddy Guy - The Millenium Collection	Out Of Exile	1	0.27	25	0.23
The Best Of Buddy Guy - The Millenium Collection	Prenda Minha	2	0.54	50	0.31
The Best Of Buddy Guy - The Millenium Collection	The Best Of Billy Cobham	1	0.27	25	0.23
The Best Of Men At Work	A TempestadeTempestade Ou O Livro Dos Dias	1	0.27	20	0.18
The Best Of Men At Work	Barulhinho Bom	3	0.82	60	0.55
The Best Of Men At Work	Black Album	2	0.54	40	0.29
The Best Of Men At Work	Garage Inc. (Disc 2)	2	0.54	40	0.25
The Best Of Men At Work	Greatest Hits	2	0.54	40	0.1
The Best Of Men At Work	Kill 'Em All	1	0.27	20	0.15
The Best Of Men At Work	Load	1	0.27	20	0.12
The Best Of Men At Work	Lulu Santos - RCA 100 Anos De Música - Álbum 01	3	0.82	60	0.55
The Best Of Men At Work	Lulu Santos - RCA 100 Anos De Música - Álbum 02	2	0.54	40	0.49
The Best Of Men At Work	Mais Do Mesmo	2	0.54	40	0.29
The Best Of Men At Work	Misplaced Childhood	3	0.82	60	0.55
The Best Of Men At Work	Seek And Shall Find: More Of The Best (1963-1981)	4	1.09	80	0.59
The Best Of R.E.M.: The IRS Years	Cesta Básica	1	0.27	16.67	0.15
The Best Of R.E.M.: The IRS Years	Green	1	0.27	16.67	0.15
The Best Of R.E.M.: The IRS Years	Out Of Time	2	0.54	33.33	0.2
The Best Of Van Halen, Vol. I	Ao Vivo [IMPORT]	2	0.54	50	0.46
The Best Of Van Halen, Vol. I	Contraband	3	0.82	75	0.55
The Best Of Van Halen, Vol. I	Diver Down	3	0.82	75	0.55
The Best Of Van Halen, Vol. I	Greatest Hits	2	0.54	50	0.12
The Best Of Van Halen, Vol. I	Heroes, Season 1	1	0.27	25	0.15
The Best of Ed Motta	Chronicle, Vol. 1	1	0.27	25	0.12
The Best of Ed Motta	Into The Light	1	0.27	25	0.23
The Best of Ed Motta	MK III The Final Concerts [Disc 1]	2	0.54	50	0.61
The Best of Ed Motta	Meus Momentos	1	0.27	25	0.23
The Best of Ed Motta	Minha Historia	2	0.54	50	0.17
The Best of Ed Motta	Minha História	3	0.82	75	0.55
The Best of Ed Motta	Physical Graffiti [Disc 1]	1	0.27	25	0.46
The Best of Ed Motta	Sambas De Enredo 2001	4	1.09	100	0.92
The Best of Ed Motta	Supernatural	4	1.09	100	0.92
The Colour And The Shape	American Idiot	1	0.27	25	0.15
The Colour And The Shape	As Canções de Eu Tu Eles	4	1.09	100	0.92
The Colour And The Shape	Deixa Entrar	2	0.54	50	0.46
The Colour And The Shape	Faceless	2	0.54	50	0.37
The Colour And The Shape	In Your Honor [Disc 1]	1	0.27	25	0.31
The Colour And The Shape	In Your Honor [Disc 2]	3	0.82	75	0.69
The Colour And The Shape	King For A Day Fool For A Lifetime	1	0.27	25	0.18
The Colour And The Shape	My Way: The Best Of Frank Sinatra [Disc 1]	4	1.09	100	0.92
The Colour And The Shape	One By One	2	0.54	50	0.61
The Colour And The Shape	Quanta Gente Veio Ver (Live)	3	0.82	75	0.46
The Colour And The Shape	Quanta Gente Veio ver--Bônus De Carnaval	1	0.27	25	0.92
The Colour And The Shape	Roda De Funk	4	1.09	100	0.92
The Cream Of Clapton	Album Of The Year	1	0.27	14.29	0.08
The Cream Of Clapton	Angel Dust	1	0.27	14.29	0.09
The Cream Of Clapton	Djavan Ao Vivo - Vol. 02	1	0.27	14.29	0.11
The Cream Of Clapton	Djavan Ao Vivo - Vol. 1	2	0.54	28.57	0.21
The Cream Of Clapton	Elis Regina-Minha História	3	0.82	42.86	0.26
The Cream Of Clapton	King For A Day Fool For A Lifetime	1	0.27	14.29	0.11
The Cream Of Clapton	Outbreak	1	0.27	14.29	0.13
The Cream Of Clapton	Purpendicular	1	0.27	14.29	0.11
The Cream Of Clapton	Slaves And Masters	1	0.27	14.29	0.13
The Cream Of Clapton	Stormbringer	1	0.27	14.29	0.13
The Cream Of Clapton	The Battle Rages On	1	0.27	14.29	0.13
The Doors	Beyond Good And Evil	3	0.82	75	0.69
The Doors	Hot Rocks, 1964-1971 (Disc 1)	3	0.82	75	0.69
The Doors	Live [Disc 2]	1	0.27	25	0.23
The Doors	My Generation - The Very Best Of The Who	1	0.27	25	0.15
The Doors	No Security	3	0.82	75	0.69
The Doors	Pure Cult: The Best Of The Cult (For Rockers, Ravers, Lovers & Sinners) [UK]	4	1.09	100	0.92
The Doors	Tangents	2	0.54	50	0.37
The Essential Miles Davis [Disc 1]	Chronicle, Vol. 1	1	0.27	25	0.12
The Essential Miles Davis [Disc 1]	Into The Light	1	0.27	25	0.23
The Essential Miles Davis [Disc 1]	MK III The Final Concerts [Disc 1]	2	0.54	50	0.61
The Essential Miles Davis [Disc 1]	Meus Momentos	1	0.27	25	0.23
The Essential Miles Davis [Disc 1]	Minha Historia	2	0.54	50	0.17
The Essential Miles Davis [Disc 1]	Minha História	3	0.82	75	0.55
The Essential Miles Davis [Disc 1]	Physical Graffiti [Disc 1]	1	0.27	25	0.46
The Essential Miles Davis [Disc 1]	Sambas De Enredo 2001	4	1.09	100	0.92
The Essential Miles Davis [Disc 1]	Supernatural	4	1.09	100	0.92
The Essential Miles Davis [Disc 1]	The Best of Ed Motta	4	1.09	100	0.92
The Essential Miles Davis [Disc 2]	Chronicle, Vol. 1	1	0.27	25	0.12
The Essential Miles Davis [Disc 2]	Into The Light	1	0.27	25	0.23
The Essential Miles Davis [Disc 2]	MK III The Final Concerts [Disc 1]	2	0.54	50	0.61
The Essential Miles Davis [Disc 2]	Meus Momentos	1	0.27	25	0.23
The Essential Miles Davis [Disc 2]	Minha Historia	2	0.54	50	0.17
The Essential Miles Davis [Disc 2]	Minha História	3	0.82	75	0.55
The Essential Miles Davis [Disc 2]	Physical Graffiti [Disc 1]	1	0.27	25	0.46
The Essential Miles Davis [Disc 2]	Sambas De Enredo 2001	4	1.09	100	0.92
The Essential Miles Davis [Disc 2]	Supernatural	4	1.09	100	0.92
The Essential Miles Davis [Disc 2]	The Best of Ed Motta	4	1.09	100	0.92
The Essential Miles Davis [Disc 2]	The Essential Miles Davis [Disc 1]	4	1.09	100	0.92
The Final Concerts (Disc 2)	MK III The Final Concerts [Disc 1]	1	0.27	100	1.23
The Final Concerts (Disc 2)	Minha História	1	0.27	100	0.74
The Final Concerts (Disc 2)	Sambas De Enredo 2001	1	0.27	100	0.92
The Final Concerts (Disc 2)	Supernatural	1	0.27	100	0.92
The Final Concerts (Disc 2)	The Best of Ed Motta	1	0.27	100	0.92
The Final Concerts (Disc 2)	The Essential Miles Davis [Disc 1]	1	0.27	100	0.92
The Final Concerts (Disc 2)	The Essential Miles Davis [Disc 2]	1	0.27	100	0.92
The Number of The Beast	Emergency On Planet Earth	1	0.27	20	0.25
The Number of The Beast	Sex Machine	1	0.27	20	0.18
The Number of The Beast	Somewhere in Time	1	0.27	20	0.18
The Office, Season 1	Ao Vivo [IMPORT]	2	0.54	100	0.92
The Office, Season 1	Contraband	2	0.54	100	0.74
The Office, Season 1	Greatest Hits	2	0.54	100	0.25
The Office, Season 1	Heroes, Season 1	1	0.27	50	0.31
The Office, Season 1	The Best Of Van Halen, Vol. I	1	0.27	50	0.46
The Office, Season 2	Ao Vivo [IMPORT]	3	0.82	100	0.92
The Office, Season 2	Battlestar Galactica (Classic), Season 1	1	0.27	33.33	0.15
The Office, Season 2	Contraband	3	0.82	100	0.74
The Office, Season 2	Greatest Hits	3	0.82	100	0.25
The Office, Season 2	Heroes, Season 1	2	0.54	66.67	0.41
The Office, Season 2	Lost, Season 3	1	0.27	33.33	0.2
The Office, Season 2	The Best Of Van Halen, Vol. I	1	0.27	33.33	0.31
The Office, Season 2	The Office, Season 1	2	0.54	66.67	1.23
The Office, Season 3	Ao Vivo [IMPORT]	2	0.54	28.57	0.26
The Office, Season 3	Back to Black	1	0.27	14.29	0.11
The Office, Season 3	Battlestar Galactica (Classic), Season 1	2	0.54	28.57	0.13
The Office, Season 3	Beethoven Piano Sonatas: Moonlight & Pastorale	1	0.27	14.29	0.53
The Office, Season 3	Berlioz: Symphonie Fantastique	1	0.27	14.29	0.53
The Office, Season 3	Carry On	1	0.27	14.29	0.18
The Office, Season 3	Contraband	2	0.54	28.57	0.21
The Office, Season 3	Duos II	1	0.27	14.29	0.53
The Office, Season 3	Fauré: Requiem, Ravel: Pavane & Others	1	0.27	14.29	0.53
The Office, Season 3	Greatest Hits	2	0.54	28.57	0.07
The Office, Season 3	Handel: The Messiah (Highlights)	1	0.27	14.29	0.53
The Office, Season 3	Heroes, Season 1	1	0.27	14.29	0.09
The Office, Season 3	LOST, Season 4	1	0.27	14.29	0.13
The Office, Season 3	Lost, Season 3	1	0.27	14.29	0.09
The Office, Season 3	Revelations	1	0.27	14.29	0.18
The Office, Season 3	Temple of the Dog	1	0.27	14.29	0.18
The Office, Season 3	The Office, Season 1	1	0.27	14.29	0.26
The Office, Season 3	The Office, Season 2	2	0.54	28.57	0.35
The Police Greatest Hits	Beyond Good And Evil	2	0.54	50	0.46
The Police Greatest Hits	Hot Rocks, 1964-1971 (Disc 1)	4	1.09	100	0.92
The Police Greatest Hits	Live [Disc 2]	1	0.27	25	0.23
The Police Greatest Hits	My Generation - The Very Best Of The Who	2	0.54	50	0.31
The Police Greatest Hits	No Security	4	1.09	100	0.92
The Police Greatest Hits	Pure Cult: The Best Of The Cult (For Rockers, Ravers, Lovers & Sinners) [UK]	3	0.82	75	0.69
The Police Greatest Hits	Serie Sem Limite (Disc 1)	1	0.27	25	0.15
The Police Greatest Hits	Serie Sem Limite (Disc 2)	1	0.27	25	0.15
The Police Greatest Hits	Tangents	3	0.82	75	0.55
The Police Greatest Hits	The Doors	3	0.82	75	0.69
The Real Thing	Album Of The Year	1	0.27	20	0.11
The Real Thing	Angel Dust	3	0.82	60	0.37
The Real Thing	As Canções de Eu Tu Eles	1	0.27	20	0.18
The Real Thing	Deixa Entrar	3	0.82	60	0.55
The Real Thing	In Your Honor [Disc 1]	2	0.54	40	0.49
The Real Thing	In Your Honor [Disc 2]	2	0.54	40	0.37
The Real Thing	King For A Day Fool For A Lifetime	4	1.09	80	0.59
The Real Thing	My Way: The Best Of Frank Sinatra [Disc 1]	1	0.27	20	0.18
The Real Thing	One By One	1	0.27	20	0.25
The Real Thing	Roda De Funk	1	0.27	20	0.18
The Real Thing	The Colour And The Shape	1	0.27	20	0.18
The Return Of The Space Cowboy	Are You Experienced?	2	0.54	66.67	0.49
The Return Of The Space Cowboy	Cafezinho	1	0.27	33.33	0.31
The Return Of The Space Cowboy	Emergency On Planet Earth	2	0.54	66.67	0.82
The Return Of The Space Cowboy	Get Born	2	0.54	66.67	0.61
The Return Of The Space Cowboy	Jorge Ben Jor 25 Anos	1	0.27	33.33	0.31
The Return Of The Space Cowboy	Jota Quest-1995	1	0.27	33.33	0.31
The Return Of The Space Cowboy	Living After Midnight	1	0.27	33.33	0.2
The Return Of The Space Cowboy	Sex Machine	1	0.27	33.33	0.31
The Return Of The Space Cowboy	Surfing with the Alien (Remastered)	1	0.27	33.33	0.31
The Return Of The Space Cowboy	Synkronized	3	0.82	100	0.92
The Singles	Beyond Good And Evil	4	1.09	80	0.74
The Singles	Core	1	0.27	20	0.12
The Singles	Hot Rocks, 1964-1971 (Disc 1)	2	0.54	40	0.37
The Singles	Live [Disc 1]	2	0.54	40	0.37
The Singles	Live [Disc 2]	3	0.82	60	0.55
The Singles	No Security	2	0.54	40	0.37
The Singles	Pure Cult: The Best Of The Cult (For Rockers, Ravers, Lovers & Sinners) [UK]	3	0.82	60	0.55
The Singles	Tangents	1	0.27	20	0.15
The Singles	The Doors	3	0.82	60	0.55
The Singles	The Police Greatest Hits	2	0.54	40	0.37
The Song Remains The Same (Disc 1)	A TempestadeTempestade Ou O Livro Dos Dias	2	0.54	66.67	0.61
The Song Remains The Same (Disc 1)	Barulhinho Bom	1	0.27	33.33	0.31
The Song Remains The Same (Disc 1)	Greatest Hits	1	0.27	33.33	0.08
The Song Remains The Same (Disc 1)	Led Zeppelin I	1	0.27	33.33	0.25
The Song Remains The Same (Disc 1)	Led Zeppelin III	1	0.27	33.33	0.2
The Song Remains The Same (Disc 1)	Lulu Santos - RCA 100 Anos De Música - Álbum 01	1	0.27	33.33	0.31
The Song Remains The Same (Disc 1)	Lulu Santos - RCA 100 Anos De Música - Álbum 02	1	0.27	33.33	0.41
The Song Remains The Same (Disc 1)	Mais Do Mesmo	2	0.54	66.67	0.49
The Song Remains The Same (Disc 1)	Misplaced Childhood	1	0.27	33.33	0.31
The Song Remains The Same (Disc 1)	Physical Graffiti [Disc 2]	2	0.54	66.67	0.61
The Song Remains The Same (Disc 2)	A TempestadeTempestade Ou O Livro Dos Dias	1	0.27	50	0.46
The Song Remains The Same (Disc 2)	Led Zeppelin I	1	0.27	50	0.37
The Song Remains The Same (Disc 2)	Led Zeppelin III	2	0.54	100	0.61
The Song Remains The Same (Disc 2)	Mais Do Mesmo	1	0.27	50	0.37
The Song Remains The Same (Disc 2)	Physical Graffiti [Disc 2]	2	0.54	100	0.92
The Song Remains The Same (Disc 2)	Presence	1	0.27	50	0.92
The Song Remains The Same (Disc 2)	The Song Remains The Same (Disc 1)	1	0.27	50	0.61
The World of Classical Favourites	Sibelius: Finlandia	1	0.27	100	3.68
The X Factor	Rock In Rio [CD2]	1	0.27	25	0.23
The X Factor	Somewhere in Time	2	0.54	50	0.46
The X Factor	The Number of The Beast	2	0.54	50	0.37
Transmission	Beyond Good And Evil	1	0.27	25	0.23
Transmission	Hot Rocks, 1964-1971 (Disc 1)	3	0.82	75	0.69
Transmission	My Generation - The Very Best Of The Who	2	0.54	50	0.31
Transmission	No Security	3	0.82	75	0.69
Transmission	Pure Cult: The Best Of The Cult (For Rockers, Ravers, Lovers & Sinners) [UK]	2	0.54	50	0.46
Transmission	Serie Sem Limite (Disc 1)	1	0.27	25	0.15
Transmission	Serie Sem Limite (Disc 2)	1	0.27	25	0.15
Transmission	Tangents	3	0.82	75	0.55
Transmission	The Doors	2	0.54	50	0.46
Transmission	The Police Greatest Hits	3	0.82	75	0.69
Transmission	The Singles	1	0.27	25	0.18
Tribute	Acústico MTV	1	0.27	16.67	0.08
Tribute	Arquivo Os Paralamas Do Sucesso	3	0.82	50	0.23
Tribute	Bark at the Moon (Remastered)	1	0.27	16.67	0.61
Tribute	Blizzard of Ozz	1	0.27	16.67	0.61
Tribute	Diary of a Madman (Remastered)	1	0.27	16.67	0.61
Tribute	Live On Two Legs [Live]	1	0.27	16.67	0.12
Tribute	No More Tears (Remastered)	2	0.54	33.33	0.61
Tribute	Original Soundtracks 1	2	0.54	33.33	0.31
Tribute	The Beast Live	1	0.27	16.67	0.15
UB40 The Best Of - Volume Two [UK]	Ao Vivo [IMPORT]	1	0.27	25	0.23
UB40 The Best Of - Volume Two [UK]	Contraband	1	0.27	25	0.18
UB40 The Best Of - Volume Two [UK]	Diver Down	4	1.09	100	0.74
UB40 The Best Of - Volume Two [UK]	Greatest Hits	1	0.27	25	0.06
UB40 The Best Of - Volume Two [UK]	The Best Of 1980-1990	1	0.27	25	0.13
UB40 The Best Of - Volume Two [UK]	The Best Of Van Halen, Vol. I	2	0.54	50	0.46
Un-Led-Ed	Lost, Season 3	1	0.27	100	0.61
Unplugged	Album Of The Year	2	0.54	16.67	0.09
Unplugged	American Idiot	1	0.27	8.33	0.05
Unplugged	Angel Dust	2	0.54	16.67	0.1
Unplugged	As Canções de Eu Tu Eles	2	0.54	16.67	0.15
Unplugged	Djavan Ao Vivo - Vol. 02	1	0.27	8.33	0.06
Unplugged	Djavan Ao Vivo - Vol. 1	1	0.27	8.33	0.06
Unplugged	Elis Regina-Minha História	1	0.27	8.33	0.05
Unplugged	Faceless	4	1.09	33.33	0.25
Unplugged	In Your Honor [Disc 2]	1	0.27	8.33	0.08
Unplugged	King For A Day Fool For A Lifetime	1	0.27	8.33	0.06
Unplugged	My Way: The Best Of Frank Sinatra [Disc 1]	2	0.54	16.67	0.15
Unplugged	One By One	1	0.27	8.33	0.1
Unplugged	Outbreak	1	0.27	8.33	0.08
Unplugged	Purpendicular	1	0.27	8.33	0.06
Unplugged	Quanta Gente Veio Ver (Live)	2	0.54	16.67	0.1
Unplugged	Quanta Gente Veio ver--Bônus De Carnaval	1	0.27	8.33	0.31
Unplugged	Roda De Funk	2	0.54	16.67	0.15
Unplugged	Slaves And Masters	1	0.27	8.33	0.08
Unplugged	Stormbringer	1	0.27	8.33	0.08
Unplugged	The Battle Rages On	1	0.27	8.33	0.08
Unplugged	The Colour And The Shape	2	0.54	16.67	0.15
Unplugged	The Cream Of Clapton	4	1.09	33.33	0.18
Unplugged [Live]	Are You Experienced?	3	0.82	60	0.44
Unplugged [Live]	BBC Sessions [Disc 2] [Live]	3	0.82	60	0.37
Unplugged [Live]	Cafezinho	3	0.82	60	0.55
Unplugged [Live]	Coda	2	0.54	40	0.37
Unplugged [Live]	Get Born	2	0.54	40	0.37
Unplugged [Live]	Houses Of The Holy	1	0.27	20	0.18
Unplugged [Live]	In Through The Out Door	1	0.27	20	0.18
Unplugged [Live]	Jorge Ben Jor 25 Anos	3	0.82	60	0.55
Unplugged [Live]	Jota Quest-1995	3	0.82	60	0.55
Unplugged [Live]	Living After Midnight	4	1.09	80	0.49
Unplugged [Live]	Surfing with the Alien (Remastered)	3	0.82	60	0.55
Unplugged [Live]	Synkronized	1	0.27	20	0.18
Unplugged [Live]	The Return Of The Space Cowboy	1	0.27	20	0.25
Up An' Atom	Chronicle, Vol. 1	1	0.27	14.29	0.07
Up An' Atom	MK III The Final Concerts [Disc 1]	2	0.54	28.57	0.35
Up An' Atom	Minha Historia	1	0.27	14.29	0.05
Up An' Atom	Minha História	2	0.54	28.57	0.21
Up An' Atom	Physical Graffiti [Disc 1]	1	0.27	14.29	0.26
Up An' Atom	Sambas De Enredo 2001	3	0.82	42.86	0.39
Up An' Atom	Supernatural	3	0.82	42.86	0.39
Up An' Atom	The Best of Ed Motta	3	0.82	42.86	0.39
Up An' Atom	The Essential Miles Davis [Disc 1]	3	0.82	42.86	0.39
Up An' Atom	The Essential Miles Davis [Disc 2]	3	0.82	42.86	0.39
Up An' Atom	The Final Concerts (Disc 2)	1	0.27	14.29	0.53
Use Your Illusion I	American Idiot	1	0.27	16.67	0.1
Use Your Illusion I	Appetite for Destruction	2	0.54	33.33	0.25
Use Your Illusion II	A Matter of Life and Death	2	0.54	50	0.61
Use Your Illusion II	A Real Dead One	1	0.27	25	0.23
Use Your Illusion II	A Real Live One	1	0.27	25	0.31
Use Your Illusion II	American Idiot	1	0.27	25	0.15
Use Your Illusion II	Appetite for Destruction	2	0.54	50	0.37
Use Your Illusion II	Blue Moods	3	0.82	75	0.69
Use Your Illusion II	Use Your Illusion I	1	0.27	25	0.15
Van Halen	Ao Vivo [IMPORT]	2	0.54	50	0.46
Van Halen	Contraband	3	0.82	75	0.55
Van Halen	Diver Down	3	0.82	75	0.55
Van Halen	Greatest Hits	2	0.54	50	0.12
Van Halen	Heroes, Season 1	1	0.27	25	0.15
Van Halen	The Best Of Van Halen, Vol. I	4	1.09	100	0.92
Van Halen	The Office, Season 1	1	0.27	25	0.46
Van Halen	The Office, Season 2	1	0.27	25	0.31
Van Halen	UB40 The Best Of - Volume Two [UK]	2	0.54	50	0.46
Van Halen III	Ao Vivo [IMPORT]	2	0.54	66.67	0.61
Van Halen III	Contraband	3	0.82	100	0.74
Van Halen III	Diver Down	1	0.27	33.33	0.25
Van Halen III	Greatest Hits	2	0.54	66.67	0.16
Van Halen III	Heroes, Season 1	1	0.27	33.33	0.2
Van Halen III	The Best Of Van Halen, Vol. I	2	0.54	66.67	0.61
Van Halen III	The Office, Season 1	2	0.54	66.67	1.23
Van Halen III	The Office, Season 2	2	0.54	66.67	0.82
Van Halen III	The Office, Season 3	1	0.27	33.33	0.18
Van Halen III	Van Halen	2	0.54	66.67	0.61
Vault: Def Leppard's Greatest Hits	Come Taste The Band	2	0.54	50	0.46
Vault: Def Leppard's Greatest Hits	Cássia Eller - Coleção Sem Limite [Disc 2]	1	0.27	25	0.18
Vault: Def Leppard's Greatest Hits	Cássia Eller - Sem Limite [Disc 1]	1	0.27	25	0.18
Vault: Def Leppard's Greatest Hits	Deep Purple In Rock	1	0.27	25	0.31
Vault: Def Leppard's Greatest Hits	Djavan Ao Vivo - Vol. 02	3	0.82	75	0.55
Vault: Def Leppard's Greatest Hits	Djavan Ao Vivo - Vol. 1	3	0.82	75	0.55
Vault: Def Leppard's Greatest Hits	Elis Regina-Minha História	2	0.54	50	0.31
Vault: Def Leppard's Greatest Hits	Fireball	1	0.27	25	0.31
Vault: Def Leppard's Greatest Hits	Knocking at Your Back Door: The Best Of Deep Purple in the 80's	3	0.82	75	0.69
Vault: Def Leppard's Greatest Hits	Machine Head	2	0.54	50	0.61
Vault: Def Leppard's Greatest Hits	Outbreak	4	1.09	100	0.92
Vault: Def Leppard's Greatest Hits	Purpendicular	4	1.09	100	0.74
Vault: Def Leppard's Greatest Hits	Slaves And Masters	4	1.09	100	0.92
Vault: Def Leppard's Greatest Hits	Stormbringer	4	1.09	100	0.92
Vault: Def Leppard's Greatest Hits	The Battle Rages On	4	1.09	100	0.92
Vault: Def Leppard's Greatest Hits	The Cream Of Clapton	1	0.27	25	0.13
Vault: Def Leppard's Greatest Hits	Unplugged	1	0.27	25	0.08
Vinicius De Moraes	Ao Vivo [IMPORT]	4	1.09	100	0.92
Vinicius De Moraes	Battlestar Galactica (Classic), Season 1	1	0.27	25	0.12
Vinicius De Moraes	Contraband	4	1.09	100	0.74
Vinicius De Moraes	Diver Down	1	0.27	25	0.18
Vinicius De Moraes	Greatest Hits	4	1.09	100	0.25
Vinicius De Moraes	Heroes, Season 1	2	0.54	50	0.31
Vinicius De Moraes	Lost, Season 3	1	0.27	25	0.15
Vinicius De Moraes	The Best Of Van Halen, Vol. I	2	0.54	50	0.46
Vinicius De Moraes	The Office, Season 1	2	0.54	50	0.92
Vinicius De Moraes	The Office, Season 2	3	0.82	75	0.92
Vinicius De Moraes	The Office, Season 3	2	0.54	50	0.26
Vinicius De Moraes	UB40 The Best Of - Volume Two [UK]	1	0.27	25	0.23
Vinicius De Moraes	Van Halen	2	0.54	50	0.46
Vinicius De Moraes	Van Halen III	2	0.54	50	0.61
Vinícius De Moraes - Sem Limite	Chronicle, Vol. 1	1	0.27	16.67	0.08
Vinícius De Moraes - Sem Limite	MK III The Final Concerts [Disc 1]	1	0.27	16.67	0.2
Vinícius De Moraes - Sem Limite	Minha História	1	0.27	16.67	0.12
Vinícius De Moraes - Sem Limite	Sambas De Enredo 2001	2	0.54	33.33	0.31
Vinícius De Moraes - Sem Limite	Supernatural	2	0.54	33.33	0.31
Vinícius De Moraes - Sem Limite	The Best of Ed Motta	2	0.54	33.33	0.31
Vinícius De Moraes - Sem Limite	The Essential Miles Davis [Disc 1]	2	0.54	33.33	0.31
Vinícius De Moraes - Sem Limite	The Essential Miles Davis [Disc 2]	2	0.54	33.33	0.31
Vinícius De Moraes - Sem Limite	The Final Concerts (Disc 2)	1	0.27	16.67	0.61
Vinícius De Moraes - Sem Limite	Up An' Atom	3	0.82	50	0.26
Virtual XI	Emergency On Planet Earth	2	0.54	50	0.61
Virtual XI	Rock In Rio [CD2]	1	0.27	25	0.23
Virtual XI	Sex Machine	3	0.82	75	0.69
Virtual XI	Somewhere in Time	1	0.27	25	0.23
Virtual XI	Synkronized	1	0.27	25	0.23
Virtual XI	The Number of The Beast	1	0.27	25	0.18
Virtual XI	The Return Of The Space Cowboy	1	0.27	25	0.31
Virtual XI	The X Factor	1	0.27	25	0.23
Volume Dois	Achtung Baby	1	0.27	20	0.18
Volume Dois	Acústico	3	0.82	60	0.28
Volume Dois	Battlestar Galactica, Season 3	4	1.09	80	0.49
Volume Dois	Heroes, Season 1	2	0.54	40	0.25
Volume Dois	Lost, Season 1	1	0.27	20	0.15
Volume Dois	Lost, Season 2	1	0.27	20	0.18
Volume Dois	Lost, Season 3	1	0.27	20	0.12
Volume Dois	Serie Sem Limite (Disc 1)	1	0.27	20	0.12
Volume Dois	Serie Sem Limite (Disc 2)	2	0.54	40	0.25
Voodoo Lounge	Beyond Good And Evil	2	0.54	50	0.46
Voodoo Lounge	Hot Rocks, 1964-1971 (Disc 1)	4	1.09	100	0.92
Voodoo Lounge	Live [Disc 2]	1	0.27	25	0.23
Voodoo Lounge	My Generation - The Very Best Of The Who	2	0.54	50	0.31
Voodoo Lounge	No Security	4	1.09	100	0.92
Voodoo Lounge	Pure Cult: The Best Of The Cult (For Rockers, Ravers, Lovers & Sinners) [UK]	3	0.82	75	0.69
Voodoo Lounge	Serie Sem Limite (Disc 1)	1	0.27	25	0.15
Voodoo Lounge	Serie Sem Limite (Disc 2)	1	0.27	25	0.15
Voodoo Lounge	Tangents	3	0.82	75	0.55
Voodoo Lounge	The Doors	3	0.82	75	0.69
Voodoo Lounge	The Police Greatest Hits	4	1.09	100	0.92
Voodoo Lounge	The Singles	2	0.54	50	0.37
Voodoo Lounge	Transmission	3	0.82	75	0.69
Vozes do MPB	Chronicle, Vol. 1	3	0.82	60	0.28
Vozes do MPB	Chronicle, Vol. 2	1	0.27	20	0.11
Vozes do MPB	Cássia Eller - Coleção Sem Limite [Disc 2]	1	0.27	20	0.15
Vozes do MPB	Sambas De Enredo 2001	1	0.27	20	0.18
Vozes do MPB	Supernatural	1	0.27	20	0.18
Vozes do MPB	The Best of Ed Motta	1	0.27	20	0.18
Vozes do MPB	The Essential Miles Davis [Disc 1]	1	0.27	20	0.18
Vozes do MPB	The Essential Miles Davis [Disc 2]	1	0.27	20	0.18
Vozes do MPB	Up An' Atom	2	0.54	40	0.21
Vozes do MPB	Vinícius De Moraes - Sem Limite	2	0.54	40	0.25
Vs.	Dark Side Of The Moon	4	1.09	100	0.92
Vs.	Greatest Hits	4	1.09	100	0.25
Vs.	Greatest Hits I	3	0.82	75	0.46
Vs.	Green	1	0.27	25	0.23
Vs.	Live On Two Legs [Live]	3	0.82	75	0.55
Vs.	New Adventures In Hi-Fi	1	0.27	25	0.18
Vs.	News Of The World	2	0.54	50	0.31
Vs.	Original Soundtracks 1	1	0.27	25	0.23
Vs.	Os Cães Ladram Mas A Caravana Não Pára	3	0.82	75	0.55
Vs.	Pearl Jam	2	0.54	50	0.61
Vs.	Riot Act	4	1.09	100	0.74
Vs.	Ten	4	1.09	100	0.92
Vs.	The Beast Live	2	0.54	50	0.46
Wagner: Favourite Overtures	Bach: The Cello Suites	1	0.27	100	3.68
Wagner: Favourite Overtures	Carry On	1	0.27	100	1.23
Wagner: Favourite Overtures	Every Kind of Light	1	0.27	100	3.68
Wagner: Favourite Overtures	House of Pain	1	0.27	100	1.23
Wagner: Favourite Overtures	LOST, Season 4	1	0.27	100	0.92
Wagner: Favourite Overtures	Radio Brasil (O Som da Jovem Vanguarda) - Seleccao de Henrique Amaro	1	0.27	100	1.23
Wagner: Favourite Overtures	Revelations	1	0.27	100	1.23
Wagner: Favourite Overtures	Temple of the Dog	1	0.27	100	1.23
Walking Into Clarksdale	Arquivo Os Paralamas Do Sucesso	1	0.27	25	0.12
Walking Into Clarksdale	Dark Side Of The Moon	1	0.27	25	0.23
Walking Into Clarksdale	Greatest Hits	1	0.27	25	0.06
Walking Into Clarksdale	Live On Two Legs [Live]	2	0.54	50	0.37
Walking Into Clarksdale	Original Soundtracks 1	3	0.82	75	0.69
Walking Into Clarksdale	Riot Act	1	0.27	25	0.18
Walking Into Clarksdale	Ten	1	0.27	25	0.23
Walking Into Clarksdale	The Beast Live	2	0.54	50	0.46
Walking Into Clarksdale	Tribute	3	0.82	75	0.46
Walking Into Clarksdale	Vs.	1	0.27	25	0.23
War	Rattle And Hum	1	0.27	25	0.15
War	The Best Of 1980-1990	2	0.54	50	0.26
Warner 25 Anos	Alcohol Fueled Brewtality Live! [Disc 1]	3	0.82	60	0.55
Warner 25 Anos	Alcohol Fueled Brewtality Live! [Disc 2]	2	0.54	40	0.49
Warner 25 Anos	Audioslave	4	1.09	80	0.74
Warner 25 Anos	BackBeat Soundtrack	3	0.82	60	0.55
Warner 25 Anos	Big Ones	2	0.54	40	0.37
Warner 25 Anos	Black Sabbath	1	0.27	20	0.37
Warner 25 Anos	Black Sabbath Vol. 4 (Remaster)	2	0.54	40	0.29
Warner 25 Anos	Body Count	2	0.54	40	0.25
Warner 25 Anos	Chemical Wedding	1	0.27	20	0.12
Warner 25 Anos	Facelift	4	1.09	80	0.74
Warner 25 Anos	Jagged Little Pill	3	0.82	60	0.55
Warner 25 Anos	Let There Be Rock	1	0.27	20	0.25
Warner 25 Anos	Out Of Exile	3	0.82	60	0.55
Warner 25 Anos	Plays Metallica By Four Cellos	2	0.54	40	0.74
Warner 25 Anos	The Best Of Billy Cobham	3	0.82	60	0.55
Weill: The Seven Deadly Sins	Frank	1	0.27	100	0.92
Weill: The Seven Deadly Sins	Górecki: Symphony No. 3	1	0.27	100	3.68
Weill: The Seven Deadly Sins	Mendelssohn: A Midsummer Night's Dream	1	0.27	100	3.68
Weill: The Seven Deadly Sins	Szymanowski: Piano Works, Vol. 1	1	0.27	100	3.68
Zooropa	Diver Down	3	0.82	50	0.37
Zooropa	Rattle And Hum	1	0.27	16.67	0.1
Zooropa	The Best Of 1980-1990	3	0.82	50	0.26
Zooropa	The Best Of Van Halen, Vol. I	1	0.27	16.67	0.15
Zooropa	UB40 The Best Of - Volume Two [UK]	3	0.82	50	0.46
Zooropa	Van Halen	1	0.27	16.67	0.15
Zooropa	War	3	0.82	50	0.46
[1997] Black Light Syndrome	Beyond Good And Evil	1	0.27	20	0.18
[1997] Black Light Syndrome	Core	3	0.82	60	0.37
[1997] Black Light Syndrome	Live [Disc 1]	4	1.09	80	0.74
[1997] Black Light Syndrome	Live [Disc 2]	3	0.82	60	0.55
[1997] Black Light Syndrome	Mezmerize	2	0.54	40	0.37
[1997] Black Light Syndrome	Morning Dance	1	0.27	20	0.15
[1997] Black Light Syndrome	The Singles	2	0.54	40	0.29